ID,Clinic Name,Area / Locality,Has Website,Website URL / Source,Phone Number,Address / Landmark,Zed Agency Opportunity
1,Dentistree Anna Nagar,Anna Nagar,YES,https://dentistree.in,+91 44 4217 1717,"Plot No 1318, 13th Main Rd, Anna Nagar West","Pitch 3D Dynamic Redesign + Automation (Rs 9,500 - 13,500)"
2,Apollo Dental Clinic Anna Nagar,Anna Nagar,YES,https://apollodental.in,1800 102 0288,"2nd Avenue, Near Roundtana, Anna Nagar","Pitch 3D Dynamic Redesign + Automation (Rs 9,500 - 13,500)"
3,Clove Dental Anna Nagar,Anna Nagar,YES,https://clovedental.in,+91 11 3355 3232,"3rd Avenue, Near Anna Arch, Anna Nagar","Pitch 3D Dynamic Redesign + Automation (Rs 9,500 - 13,500)"
4,Dr. Smilez Dental Center,Anna Nagar,YES,https://drsmilez.com,+91 98844 44343,"2nd Avenue, Block AB, Anna Nagar","Pitch 3D Dynamic Redesign + Automation (Rs 9,500 - 13,500)"
5,Smilescape Dental Care,Anna Nagar,YES,https://smilescape.in,+91 98403 33320,"1st Avenue, Anna Nagar East","Pitch 3D Dynamic Redesign + Automation (Rs 9,500 - 13,500)"
6,Dr. Naga's White Dental Clinic,Anna Nagar,YES,https://drnagarathinam.com,+91 44 2621 1199,"Shanti Colony, Anna Nagar","Pitch 3D Dynamic Redesign + Automation (Rs 9,500 - 13,500)"
7,Shankar's Dental Clinic,Anna Nagar,YES,https://shankarsdentalclinic.com,+91 44 2626 5500,"6th Avenue, Anna Nagar","Pitch 3D Dynamic Redesign + Automation (Rs 9,500 - 13,500)"
8,Roots N Crowns Dental Care,Anna Nagar,NO,No Website (Directory Listing Only),+91 44 2615 2828,"W Block, 3rd Main Rd, Anna Nagar","High Priority: Pitch Website + Automation (Rs 7,000)"
9,Sparks Dental Centre,Anna Nagar,NO,No Website (Directory Listing Only),+91 98410 77112,"Near Roundtana, 2nd Avenue, Anna Nagar","High Priority: Pitch Website + Automation (Rs 7,000)"
10,Raj Implant And Orthodontic Center,Anna Nagar,NO,No Website (Directory Listing Only),+91 44 2620 9090,"C Block, Shanti Colony, Anna Nagar","High Priority: Pitch Website + Automation (Rs 7,000)"
11,White Line Dental Care,Anna Nagar,NO,No Website (Directory Listing Only),+91 98841 23456,"12th Main Road, Anna Nagar West","High Priority: Pitch Website + Automation (Rs 7,000)"
12,Studio Dental,Anna Nagar,NO,No Website (Directory Listing Only),+91 44 4350 1122,"5th Avenue, Anna Nagar","High Priority: Pitch Website + Automation (Rs 7,000)"
13,Serenity Dental Clinic and Implant Centre,Anna Nagar,NO,No Website (Directory Listing Only),+91 97910 88990,"Y Block, Anna Nagar","High Priority: Pitch Website + Automation (Rs 7,000)"
14,Anbu Laser Dental Clinic,Anna Nagar,NO,No Website (Directory Listing Only),+91 44 2616 3456,"Opp. K4 Police Station, Anna Nagar","High Priority: Pitch Website + Automation (Rs 7,000)"
15,Opal Dentistry Guindy,Guindy,YES,https://opaldentistry.com,+91 98840 98840,"GST Road, Guindy, Near Kathipara","Pitch 3D Dynamic Redesign + Automation (Rs 9,500 - 13,500)"
16,Clove Dental Guindy,Guindy,YES,https://clovedental.in,+91 11 3355 3232,Near Guindy Railway Station,"Pitch 3D Dynamic Redesign + Automation (Rs 9,500 - 13,500)"
17,Tooth N Care Dental Clinic Guindy,Guindy,NO,No Website (Directory Listing Only),+91 44 2235 1234,"Race Course Rd, Guindy","High Priority: Pitch Website + Automation (Rs 7,000)"
18,Dr. Barun's Multispeciality Dental Centre,Guindy,NO,No Website (Directory Listing Only),+91 98402 11223,"MKNH Road, Guindy","High Priority: Pitch Website + Automation (Rs 7,000)"
19,Stunning Smiles Dental Guindy,Guindy,NO,No Website (Directory Listing Only),+91 94440 55667,"Guindy Industrial Estate, Near Olympia Tech Park","High Priority: Pitch Website + Automation (Rs 7,000)"
20,Dentall Care Clinic,Guindy,NO,No Website (Directory Listing Only),+91 44 2250 8899,"Vandikaran Street, Guindy","High Priority: Pitch Website + Automation (Rs 7,000)"
21,Makizham Kids and Dental Clinic,Guindy,NO,No Website (Directory Listing Only),+91 99620 33445,Near Guindy Bus Terminus,"High Priority: Pitch Website + Automation (Rs 7,000)"
22,Sri Ranga Dental Clinic,Guindy,NO,No Website (Directory Listing Only),+91 44 2232 4455,"Station Road, Guindy","High Priority: Pitch Website + Automation (Rs 7,000)"
23,Vivi Dental and Cosmetic Clinic Guindy,Guindy,NO,No Website (Directory Listing Only),+91 98842 66778,"Near SIDCO Estate, Guindy","High Priority: Pitch Website + Automation (Rs 7,000)"
24,S S Dental Hospital,Guindy,NO,No Website (Directory Listing Only),+91 44 2231 9900,"Five Furlong Rd, Guindy","High Priority: Pitch Website + Automation (Rs 7,000)"
25,Apollo Dental Clinic T. Nagar,T. Nagar,YES,https://apollodental.in,+91 44 2834 5678,"Habibullah Road, T. Nagar","Pitch 3D Dynamic Redesign + Automation (Rs 9,500 - 13,500)"
26,The Happy Smile Dental Clinic,T. Nagar,YES,https://happysmile.in,+91 44 2434 1122,"G.N. Chetty Road, T. Nagar","Pitch 3D Dynamic Redesign + Automation (Rs 9,500 - 13,500)"
27,Dr. Smilez Dental Center T. Nagar,T. Nagar,YES,https://drsmilez.com,+91 98844 44343,"North Boag Road, T. Nagar","Pitch 3D Dynamic Redesign + Automation (Rs 9,500 - 13,500)"
28,Clove Dental Pondy Bazaar,T. Nagar,YES,https://clovedental.in,+91 11 3355 3232,"Pondy Bazaar, Sir Thyagaraya Rd, T. Nagar","Pitch 3D Dynamic Redesign + Automation (Rs 9,500 - 13,500)"
29,Pooja Joshis Clinic,T. Nagar,NO,No Website (Directory Listing Only),+91 98401 22334,"Bazullah Road, T. Nagar","High Priority: Pitch Website + Automation (Rs 7,000)"
30,Laughter Dental Clinic,T. Nagar,NO,No Website (Directory Listing Only),+91 44 2815 6789,"Usman Road, T. Nagar","High Priority: Pitch Website + Automation (Rs 7,000)"
31,Matrix Multi-Speciality Dental Clinic,T. Nagar,NO,No Website (Directory Listing Only),+91 98840 12389,"Burkit Road, T. Nagar","High Priority: Pitch Website + Automation (Rs 7,000)"
32,Akeela Dental Care,T. Nagar,NO,No Website (Directory Listing Only),+91 44 2433 8811,"South Usman Rd, T. Nagar","High Priority: Pitch Website + Automation (Rs 7,000)"
33,Chakravarthi Dental Clinic,T. Nagar,NO,No Website (Directory Listing Only),+91 94441 55660,"Venkatnarayana Road, T. Nagar","High Priority: Pitch Website + Automation (Rs 7,000)"
34,Dr. P Jayakumars Dental Clinic,T. Nagar,NO,No Website (Directory Listing Only),+91 44 2435 9922,"Mangesh Street, T. Nagar","High Priority: Pitch Website + Automation (Rs 7,000)"
35,NAK Dental Clinic,T. Nagar,NO,No Website (Directory Listing Only),+91 98400 33441,"Rameswaram Road, T. Nagar","High Priority: Pitch Website + Automation (Rs 7,000)"
36,Apollo Dental Adyar,Adyar,YES,https://apollodental.in,+91 44 2445 6789,"Sardar Patel Road, Adyar","Pitch 3D Dynamic Redesign + Automation (Rs 9,500 - 13,500)"
37,Radiant Dental Care Adyar,Adyar,YES,https://radiantdentalcare.in,+91 91766 00055,"Lattice Bridge Rd, Adyar","Pitch 3D Dynamic Redesign + Automation (Rs 9,500 - 13,500)"
38,Dent Eazee Dental Clinic,Adyar,YES,https://denteazeedentalclinic.in,+91 98411 99887,"1st Main Road, Gandhi Nagar, Adyar","Pitch 3D Dynamic Redesign + Automation (Rs 9,500 - 13,500)"
39,Tooth Friendly Dental Care,Adyar,YES,https://toothfriendly.in,+91 44 2441 2233,"Kasturibai Nagar, Adyar","Pitch 3D Dynamic Redesign + Automation (Rs 9,500 - 13,500)"
40,Clove Dental Adyar,Adyar,YES,https://clovedental.in,+91 11 3355 3232,"Besant Avenue Rd, Adyar","Pitch 3D Dynamic Redesign + Automation (Rs 9,500 - 13,500)"
41,Smile Mantra Dental and Cosmetic Clinic,Adyar,NO,No Website (Directory Listing Only),+91 98403 11220,"2nd Crescent Park Rd, Gandhi Nagar, Adyar","High Priority: Pitch Website + Automation (Rs 7,000)"
42,Teddy Bear Painless Pediatric Dentistry,Adyar,NO,No Website (Directory Listing Only),+91 99400 44551,"4th Main Rd, Gandhi Nagar, Adyar","High Priority: Pitch Website + Automation (Rs 7,000)"
43,Mr. Dentist Implant and Cosmetic Clinic,Adyar,NO,No Website (Directory Listing Only),+91 44 4211 8800,"Indira Nagar, Adyar","High Priority: Pitch Website + Automation (Rs 7,000)"
44,Sri Balaji Dental Clinic,Adyar,NO,No Website (Directory Listing Only),+91 44 2491 5566,"Vannanthurai, Adyar","High Priority: Pitch Website + Automation (Rs 7,000)"
45,Apollo Dental Clinic Velachery,Velachery,YES,https://apollodental.in,+91 44 2244 8899,"100 Feet Bypass Rd, Velachery","Pitch 3D Dynamic Redesign + Automation (Rs 9,500 - 13,500)"
46,Luxe Dental Centre,Velachery,YES,https://luxedentalcentre.com,+91 98845 00112,"Taramani Link Rd, Velachery","Pitch 3D Dynamic Redesign + Automation (Rs 9,500 - 13,500)"
47,Dentistree Velachery,Velachery,YES,https://dentistree.in,+91 44 4218 8899,"Velachery Main Road, Opp. Grand Mall","Pitch 3D Dynamic Redesign + Automation (Rs 9,500 - 13,500)"
48,Clove Dental Velachery,Velachery,YES,https://clovedental.in,+91 11 3355 3232,"Vijaya Nagar, Velachery","Pitch 3D Dynamic Redesign + Automation (Rs 9,500 - 13,500)"
49,Dr. Vivekanandhan's Dental Clinic,Velachery,NO,No Website (Directory Listing Only),+91 44 2243 1122,"Baby Nagar, Velachery Main Rd","High Priority: Pitch Website + Automation (Rs 7,000)"
50,K R Dental Care,Velachery,NO,No Website (Directory Listing Only),+91 98402 77889,"Tansi Nagar, Velachery","High Priority: Pitch Website + Automation (Rs 7,000)"
51,Dc Dental Care,Velachery,NO,No Website (Directory Listing Only),+91 44 2259 3344,"Dhandeeswaram Nagar, Velachery","High Priority: Pitch Website + Automation (Rs 7,000)"
52,Dr. Vinayas Dental and Orthodontic Care,Velachery,NO,No Website (Directory Listing Only),+91 99401 22330,"Bypass Road, Velachery","High Priority: Pitch Website + Automation (Rs 7,000)"
53,Tooth Fairy Dental Care,Velachery,NO,No Website (Directory Listing Only),+91 44 4355 6677,"Rajalakshmi Nagar, Velachery","High Priority: Pitch Website + Automation (Rs 7,000)"
54,Vasan Dental Care Velachery,Velachery,NO,No Website (Directory Listing Only),+91 44 3989 0000,Velachery Bypass Road,"High Priority: Pitch Website + Automation (Rs 7,000)"
55,Sanjeevani Dental Clinic,Mylapore,YES,https://toothsanjeevani.com,+91 44 2498 7766,"Luz Church Road, Mylapore","Pitch 3D Dynamic Redesign + Automation (Rs 9,500 - 13,500)"
56,Glodent Dental Clinic,Mylapore,YES,https://glodentdentalclinicmylapore.com,+91 98400 99881,"Kutchery Road, Mylapore","Pitch 3D Dynamic Redesign + Automation (Rs 9,500 - 13,500)"
57,Dr. Muralikarthik Dental Clinic,Mylapore,YES,https://drmuralikarthik.com,+91 44 2464 1234,"Royapettah High Rd, Mylapore","Pitch 3D Dynamic Redesign + Automation (Rs 9,500 - 13,500)"
58,Tanzi Dental Clinic,Mylapore,NO,No Website (Directory Listing Only),+91 98410 44556,"North Mada Street, Mylapore","High Priority: Pitch Website + Automation (Rs 7,000)"
59,Dr. Arjun Dental Clinic,Mylapore,NO,No Website (Directory Listing Only),+91 44 2495 6677,"Kapaleeswarar South Mada St, Mylapore","High Priority: Pitch Website + Automation (Rs 7,000)"
60,Jayaraj Dental Clinic,Mylapore,NO,No Website (Directory Listing Only),+91 44 2498 1122,"Oliver Road, Mylapore","High Priority: Pitch Website + Automation (Rs 7,000)"
61,Sri Sai Dental Clinic,Mylapore,NO,No Website (Directory Listing Only),+91 98841 88990,"Alamelumangapuram, Mylapore","High Priority: Pitch Website + Automation (Rs 7,000)"
62,Marvel Dentistry Kilpauk,Kilpauk,YES,https://marveldentistry.in,+91 98401 55667,"Poonamallee High Rd, Kilpauk","Pitch 3D Dynamic Redesign + Automation (Rs 9,500 - 13,500)"
63,Dr. Kishor's Dentistry,Kilpauk,YES,https://kishorsdentistry.com,+91 44 2644 8899,"Ormes Road, Kilpauk","Pitch 3D Dynamic Redesign + Automation (Rs 9,500 - 13,500)"
64,Expert Dental Care Kilpauk,Kilpauk,YES,https://expertdental.in,+91 98402 33441,"Halls Road, Kilpauk","Pitch 3D Dynamic Redesign + Automation (Rs 9,500 - 13,500)"
65,Apollo Dental Kilpauk,Kilpauk,YES,https://apollodental.in,+91 44 2642 1122,"New Avadi Road, Kilpauk","Pitch 3D Dynamic Redesign + Automation (Rs 9,500 - 13,500)"
66,Clove Dental Kilpauk,Kilpauk,YES,https://clovedental.in,+91 11 3355 3232,"Balfour Road, Kilpauk","Pitch 3D Dynamic Redesign + Automation (Rs 9,500 - 13,500)"
67,Kilpauk Dental Hospital,Kilpauk,NO,No Website (Directory Listing Only),+91 44 2641 2233,"Taylors Road, Kilpauk","High Priority: Pitch Website + Automation (Rs 7,000)"
68,Crown Dental Clinic,Kilpauk,NO,No Website (Directory Listing Only),+91 98840 44550,"Landon's Road, Kilpauk","High Priority: Pitch Website + Automation (Rs 7,000)"
69,Aura Dental Care,Kilpauk,NO,No Website (Directory Listing Only),+91 44 2645 8899,"Vasugi Street, Kilpauk","High Priority: Pitch Website + Automation (Rs 7,000)"
70,Acharya Dental,Nungambakkam,YES,https://acharyadental.com,+91 44 2827 6623,"Thirumalai Pillai Rd / Sterling Rd, Nungambakkam","Pitch 3D Dynamic Redesign + Automation (Rs 9,500 - 13,500)"
71,Royal Pearl Dental,Nungambakkam,YES,https://royalpearldental.com,+91 44 2826 1234,"College Road, Nungambakkam","Pitch 3D Dynamic Redesign + Automation (Rs 9,500 - 13,500)"
72,Apollo Dental Nungambakkam,Nungambakkam,YES,https://apollodental.in,+91 44 2829 8899,"Haddows Road, Nungambakkam","Pitch 3D Dynamic Redesign + Automation (Rs 9,500 - 13,500)"
73,Clove Dental Nungambakkam,Nungambakkam,YES,https://clovedental.in,+91 11 3355 3232,"Kothari Road, Nungambakkam","Pitch 3D Dynamic Redesign + Automation (Rs 9,500 - 13,500)"
74,Dr. Chacko's Dental Clinic,Nungambakkam,NO,No Website (Directory Listing Only),+91 44 2827 1100,"Village Road, Nungambakkam","High Priority: Pitch Website + Automation (Rs 7,000)"
75,Smiles Forever Dental Clinic,Nungambakkam,NO,No Website (Directory Listing Only),+91 98400 11990,"Wheatcrofts Road, Nungambakkam","High Priority: Pitch Website + Automation (Rs 7,000)"
76,Nungambakkam Dental Care,Nungambakkam,NO,No Website (Directory Listing Only),+91 44 2825 4433,"Valluvar Kottam High Rd, Nungambakkam","High Priority: Pitch Website + Automation (Rs 7,000)"
77,Right Dental Clinic Porur,Porur,YES,https://rightdentalclinic.com,+91 98842 55660,"Arcot Road, Near Porur Junction","Pitch 3D Dynamic Redesign + Automation (Rs 9,500 - 13,500)"
78,Dr Smilez Dental Center Porur,Porur,YES,https://drsmilez.com,+91 98844 44343,"Mount Poonamallee Rd, Porur","Pitch 3D Dynamic Redesign + Automation (Rs 9,500 - 13,500)"
79,Expert Dental Care Porur,Porur,YES,https://expertdental.in,+91 98402 33441,"Gopalasamy Nagar, Porur","Pitch 3D Dynamic Redesign + Automation (Rs 9,500 - 13,500)"
80,Apollo Dental Porur,Porur,YES,https://apollodental.in,+91 44 2476 1122,"Opp. Ramachandra Hospital, Porur","Pitch 3D Dynamic Redesign + Automation (Rs 9,500 - 13,500)"
81,Clove Dental Porur,Porur,YES,https://clovedental.in,+91 11 3355 3232,"Karambakkam, Porur","Pitch 3D Dynamic Redesign + Automation (Rs 9,500 - 13,500)"
82,Lakshmi Dental Care Porur,Porur,NO,No Website (Directory Listing Only),+91 44 2482 7788,"Kundrathur Main Road, Porur","High Priority: Pitch Website + Automation (Rs 7,000)"
83,Signature Dental Care,Porur,NO,No Website (Directory Listing Only),+91 98405 11223,"Madhanandapuram, Porur","High Priority: Pitch Website + Automation (Rs 7,000)"
84,Sri Balaji Dental Clinic Porur,Porur,NO,No Website (Directory Listing Only),+91 44 2482 1199,"Trunk Road, Porur","High Priority: Pitch Website + Automation (Rs 7,000)"
85,Poonamallee High Dental Care,Porur,NO,No Website (Directory Listing Only),+91 98849 88776,Near Porur Toll Gate,"High Priority: Pitch Website + Automation (Rs 7,000)"
86,Dr. Rajendran Multispeciality Dental Clinic,Tambaram,YES,https://tambaramdentalclinic.com,+91 44 2226 1122,"GST Road, Tambaram West","Pitch 3D Dynamic Redesign + Automation (Rs 9,500 - 13,500)"
87,Radiant Dental Care Tambaram,Tambaram,YES,https://radiantdentalcare.in,+91 91766 00055,"Gandhi Road, Tambaram West","Pitch 3D Dynamic Redesign + Automation (Rs 9,500 - 13,500)"
88,Dr. Amarnathan's Dental Care,Tambaram,YES,https://dramarnathansdentalcare.com,+91 44 2239 8899,"Velachery Main Rd, East Tambaram","Pitch 3D Dynamic Redesign + Automation (Rs 9,500 - 13,500)"
89,Apollo Dental Tambaram,Tambaram,YES,https://apollodental.in,+91 44 2226 5544,Near Tambaram Railway Station,"Pitch 3D Dynamic Redesign + Automation (Rs 9,500 - 13,500)"
90,Clove Dental Tambaram,Tambaram,YES,https://clovedental.in,+91 11 3355 3232,"Muthurangan Mudali St, Tambaram West","Pitch 3D Dynamic Redesign + Automation (Rs 9,500 - 13,500)"
91,Smile Dental Clinic Tambaram,Tambaram,NO,No Website (Directory Listing Only),+91 44 2226 9988,"Kakkan Street, Tambaram West","High Priority: Pitch Website + Automation (Rs 7,000)"
92,Grace Dental Clinic,Tambaram,NO,No Website (Directory Listing Only),+91 98402 44556,"Camp Road Junction, East Tambaram","High Priority: Pitch Website + Automation (Rs 7,000)"
93,Sri Raghavendra Dental Clinic,Tambaram,NO,No Website (Directory Listing Only),+91 44 2239 1234,"MES Road, East Tambaram","High Priority: Pitch Website + Automation (Rs 7,000)"
94,Vasanth Dental Care,Tambaram,NO,No Website (Directory Listing Only),+91 98841 33221,"Shanmugam Road, Tambaram West","High Priority: Pitch Website + Automation (Rs 7,000)"
95,Supreme Multi-Speciality Dental Centre,Vadapalani,YES,https://supremedental.clinic,+91 44 2480 1122,"100 Feet Road, Vadapalani","Pitch 3D Dynamic Redesign + Automation (Rs 9,500 - 13,500)"
96,Partha Dental Clinic Vadapalani,Vadapalani,YES,https://parthadental.com,+91 44 4350 8899,"Arcot Road, Near Vadapalani Murugan Temple","Pitch 3D Dynamic Redesign + Automation (Rs 9,500 - 13,500)"
97,Apollo Dental Vadapalani,Vadapalani,YES,https://apollodental.in,+91 44 2481 2233,Vadapalani Junction,"Pitch 3D Dynamic Redesign + Automation (Rs 9,500 - 13,500)"
98,Clove Dental Vadapalani,Vadapalani,YES,https://clovedental.in,+91 11 3355 3232,"Doshi Garden, Arcot Road, Vadapalani","Pitch 3D Dynamic Redesign + Automation (Rs 9,500 - 13,500)"
99,R R Dental Hospital,Vadapalani,NO,No Website (Directory Listing Only),+91 44 2484 5566,"Kumaran Colony, Vadapalani","High Priority: Pitch Website + Automation (Rs 7,000)"
100,RD Dental Care Kodambakkam,Kodambakkam,YES,https://prodentist.in,+91 44 2483 1122,"Arcot Road, Kodambakkam","Pitch 3D Dynamic Redesign + Automation (Rs 9,500 - 13,500)"
101,Kalaa Dental Clinic Kodambakkam,Kodambakkam,YES,https://kalaadentalcare.com,+91 98401 22330,"Station Road, Kodambakkam","Pitch 3D Dynamic Redesign + Automation (Rs 9,500 - 13,500)"
102,Tooth N Care Kodambakkam,Kodambakkam,NO,No Website (Directory Listing Only),+91 44 2481 9900,"United India Colony, Kodambakkam","High Priority: Pitch Website + Automation (Rs 7,000)"
103,Sri Sai Multi Speciality Dental Clinic,Kodambakkam,NO,No Website (Directory Listing Only),+91 98842 11009,"Rangarajapuram Main Rd, Kodambakkam","High Priority: Pitch Website + Automation (Rs 7,000)"
104,Dr Smilez Dental Center Alwarpet,Alwarpet,YES,https://drsmilez.com,+91 98844 44343,"TTK Road, Alwarpet","Pitch 3D Dynamic Redesign + Automation (Rs 9,500 - 13,500)"
105,Aligning Dentistry Alwarpet,Alwarpet,YES,https://aligningdentistry.com,+91 98400 88991,"CP Ramaswamy Road, Alwarpet","Pitch 3D Dynamic Redesign + Automation (Rs 9,500 - 13,500)"
106,Apollo Dental Alwarpet,Alwarpet,YES,https://apollodental.in,+91 44 2499 5566,"Oliver Road, Alwarpet","Pitch 3D Dynamic Redesign + Automation (Rs 9,500 - 13,500)"
107,Pooja's Pearl Dentistry,Alwarpet,NO,No Website (Directory Listing Only),+91 44 2498 3344,"Eldams Road, Alwarpet","High Priority: Pitch Website + Automation (Rs 7,000)"
108,Jovani Dental Clinic,Besant Nagar,YES,https://jovanidental.com,+91 44 2491 8899,"2nd Avenue, Besant Nagar","Pitch 3D Dynamic Redesign + Automation (Rs 9,500 - 13,500)"
109,Besant Dental Care,Besant Nagar,YES,https://besantdentalcare.com,+91 44 2490 1234,"Tiger Varadachari Rd, Besant Nagar","Pitch 3D Dynamic Redesign + Automation (Rs 9,500 - 13,500)"
110,SmileyDent Besant Nagar,Besant Nagar,YES,https://smileydent.in,+91 98403 66778,"4th Main Road, Besant Nagar","Pitch 3D Dynamic Redesign + Automation (Rs 9,500 - 13,500)"
111,Beach Road Dental Clinic,Besant Nagar,NO,No Website (Directory Listing Only),+91 44 2446 9900,"Elliot's Beach Rd, Besant Nagar","High Priority: Pitch Website + Automation (Rs 7,000)"
