name,doctor_name,phone,email,has_website,website,building,street,locality,pincode,city,rating,reviews_count,yoe,source_url
Dentistree Anna Nagar,,+91 44 4217 1717,,True,https://dentistree.in,,,,,Chennai,,,,
Apollo Dental Clinic Anna Nagar,,1800 102 0288,,True,https://apollodental.in,,,,,Chennai,,,,
Clove Dental Anna Nagar,,+91 11 3355 3232,,True,https://clovedental.in,,,,,Chennai,,,,
Dr. Smilez Dental Center,,+91 98844 44343,,True,https://drsmilez.com,,,,,Chennai,,,,
Smilescape Dental Care,,+91 98403 33320,,True,https://smilescape.in,,,,,Chennai,,,,
Dr. Naga's White Dental Clinic,,+91 44 2621 1199,,True,https://drnagarathinam.com,,,,,Chennai,,,,
Shankar's Dental Clinic,,+91 44 2626 5500,,True,https://shankarsdentalclinic.com,,,,,Chennai,,,,
Roots N Crowns Dental Care,,+91 44 2615 2828,,False,No Website (Directory Listing Only),,,,,Chennai,,,,
Sparks Dental Centre,,+91 98410 77112,,False,No Website (Directory Listing Only),,,,,Chennai,,,,
Raj Implant And Orthodontic Center,,+91 44 2620 9090,,False,No Website (Directory Listing Only),,,,,Chennai,,,,
White Line Dental Care,,+91 98841 23456,,False,No Website (Directory Listing Only),,,,,Chennai,,,,
Studio Dental,,+91 44 4350 1122,,False,No Website (Directory Listing Only),,,,,Chennai,,,,
Serenity Dental Clinic and Implant Centre,,+91 97910 88990,,False,No Website (Directory Listing Only),,,,,Chennai,,,,
Anbu Laser Dental Clinic,,+91 44 2616 3456,,False,No Website (Directory Listing Only),,,,,Chennai,,,,
Opal Dentistry Guindy,,+91 98840 98840,,True,https://opaldentistry.com,,,,,Chennai,,,,
Clove Dental Guindy,,+91 11 3355 3232,,True,https://clovedental.in,,,,,Chennai,,,,
Tooth N Care Dental Clinic Guindy,,+91 44 2235 1234,,False,No Website (Directory Listing Only),,,,,Chennai,,,,
Dr. Barun's Multispeciality Dental Centre,,+91 98402 11223,,False,No Website (Directory Listing Only),,,,,Chennai,,,,
Stunning Smiles Dental Guindy,,+91 94440 55667,,False,No Website (Directory Listing Only),,,,,Chennai,,,,
Dentall Care Clinic,,+91 44 2250 8899,,False,No Website (Directory Listing Only),,,,,Chennai,,,,
Makizham Kids and Dental Clinic,,+91 99620 33445,,False,No Website (Directory Listing Only),,,,,Chennai,,,,
Sri Ranga Dental Clinic,,+91 44 2232 4455,,False,No Website (Directory Listing Only),,,,,Chennai,,,,
Vivi Dental and Cosmetic Clinic Guindy,,+91 98842 66778,,False,No Website (Directory Listing Only),,,,,Chennai,,,,
S S Dental Hospital,,+91 44 2231 9900,,False,No Website (Directory Listing Only),,,,,Chennai,,,,
Apollo Dental Clinic T. Nagar,,+91 44 2834 5678,,True,https://apollodental.in,,,,,Chennai,,,,
The Happy Smile Dental Clinic,,+91 44 2434 1122,,True,https://happysmile.in,,,,,Chennai,,,,
Dr. Smilez Dental Center T. Nagar,,+91 98844 44343,,True,https://drsmilez.com,,,,,Chennai,,,,
Clove Dental Pondy Bazaar,,+91 11 3355 3232,,True,https://clovedental.in,,,,,Chennai,,,,
Pooja Joshis Clinic,,+91 98401 22334,,False,No Website (Directory Listing Only),,,,,Chennai,,,,
Laughter Dental Clinic,,+91 44 2815 6789,,False,No Website (Directory Listing Only),,,,,Chennai,,,,
Matrix Multi-Speciality Dental Clinic,,+91 98840 12389,,False,No Website (Directory Listing Only),,,,,Chennai,,,,
Akeela Dental Care,,+91 44 2433 8811,,False,No Website (Directory Listing Only),,,,,Chennai,,,,
Chakravarthi Dental Clinic,,+91 94441 55660,,False,No Website (Directory Listing Only),,,,,Chennai,,,,
Dr. P Jayakumars Dental Clinic,,+91 44 2435 9922,,False,No Website (Directory Listing Only),,,,,Chennai,,,,
NAK Dental Clinic,,+91 98400 33441,,False,No Website (Directory Listing Only),,,,,Chennai,,,,
Apollo Dental Adyar,,+91 44 2445 6789,,True,https://apollodental.in,,,,,Chennai,,,,
Radiant Dental Care Adyar,,+91 91766 00055,,True,https://radiantdentalcare.in,,,,,Chennai,,,,
Dent Eazee Dental Clinic,,+91 98411 99887,,True,https://denteazeedentalclinic.in,,,,,Chennai,,,,
Tooth Friendly Dental Care,,+91 44 2441 2233,,True,https://toothfriendly.in,,,,,Chennai,,,,
Clove Dental Adyar,,+91 11 3355 3232,,True,https://clovedental.in,,,,,Chennai,,,,
Smile Mantra Dental and Cosmetic Clinic,,+91 98403 11220,,False,No Website (Directory Listing Only),,,,,Chennai,,,,
Teddy Bear Painless Pediatric Dentistry,,+91 99400 44551,,False,No Website (Directory Listing Only),,,,,Chennai,,,,
Mr. Dentist Implant and Cosmetic Clinic,,+91 44 4211 8800,,False,No Website (Directory Listing Only),,,,,Chennai,,,,
Sri Balaji Dental Clinic,,+91 44 2491 5566,,False,No Website (Directory Listing Only),,,,,Chennai,,,,
Apollo Dental Clinic Velachery,,+91 44 2244 8899,,True,https://apollodental.in,,,,,Chennai,,,,
Luxe Dental Centre,,+91 98845 00112,,True,https://luxedentalcentre.com,,,,,Chennai,,,,
Dentistree Velachery,,+91 44 4218 8899,,True,https://dentistree.in,,,,,Chennai,,,,
Clove Dental Velachery,,+91 11 3355 3232,,True,https://clovedental.in,,,,,Chennai,,,,
Dr. Vivekanandhan's Dental Clinic,,+91 44 2243 1122,,False,No Website (Directory Listing Only),,,,,Chennai,,,,
K R Dental Care,,+91 98402 77889,,False,No Website (Directory Listing Only),,,,,Chennai,,,,
Dc Dental Care,,+91 44 2259 3344,,False,No Website (Directory Listing Only),,,,,Chennai,,,,
Dr. Vinayas Dental and Orthodontic Care,,+91 99401 22330,,False,No Website (Directory Listing Only),,,,,Chennai,,,,
Tooth Fairy Dental Care,,+91 44 4355 6677,,False,No Website (Directory Listing Only),,,,,Chennai,,,,
Vasan Dental Care Velachery,,+91 44 3989 0000,,False,No Website (Directory Listing Only),,,,,Chennai,,,,
Sanjeevani Dental Clinic,,+91 44 2498 7766,,True,https://toothsanjeevani.com,,,,,Chennai,,,,
Glodent Dental Clinic,,+91 98400 99881,,True,https://glodentdentalclinicmylapore.com,,,,,Chennai,,,,
Dr. Muralikarthik Dental Clinic,,+91 44 2464 1234,,True,https://drmuralikarthik.com,,,,,Chennai,,,,
Tanzi Dental Clinic,,+91 98410 44556,,False,No Website (Directory Listing Only),,,,,Chennai,,,,
Dr. Arjun Dental Clinic,,+91 44 2495 6677,,False,No Website (Directory Listing Only),,,,,Chennai,,,,
Jayaraj Dental Clinic,,+91 44 2498 1122,,False,No Website (Directory Listing Only),,,,,Chennai,,,,
Sri Sai Dental Clinic,,+91 98841 88990,,False,No Website (Directory Listing Only),,,,,Chennai,,,,
Marvel Dentistry Kilpauk,,+91 98401 55667,,True,https://marveldentistry.in,,,,,Chennai,,,,
Dr. Kishor's Dentistry,,+91 44 2644 8899,,True,https://kishorsdentistry.com,,,,,Chennai,,,,
Expert Dental Care Kilpauk,,+91 98402 33441,,True,https://expertdental.in,,,,,Chennai,,,,
Apollo Dental Kilpauk,,+91 44 2642 1122,,True,https://apollodental.in,,,,,Chennai,,,,
Clove Dental Kilpauk,,+91 11 3355 3232,,True,https://clovedental.in,,,,,Chennai,,,,
Kilpauk Dental Hospital,,+91 44 2641 2233,,False,No Website (Directory Listing Only),,,,,Chennai,,,,
Crown Dental Clinic,,+91 98840 44550,,False,No Website (Directory Listing Only),,,,,Chennai,,,,
Aura Dental Care,,+91 44 2645 8899,,False,No Website (Directory Listing Only),,,,,Chennai,,,,
Acharya Dental,,+91 44 2827 6623,,True,https://acharyadental.com,,,,,Chennai,,,,
Royal Pearl Dental,,+91 44 2826 1234,,True,https://royalpearldental.com,,,,,Chennai,,,,
Apollo Dental Nungambakkam,,+91 44 2829 8899,,True,https://apollodental.in,,,,,Chennai,,,,
Clove Dental Nungambakkam,,+91 11 3355 3232,,True,https://clovedental.in,,,,,Chennai,,,,
Dr. Chacko's Dental Clinic,,+91 44 2827 1100,,False,No Website (Directory Listing Only),,,,,Chennai,,,,
Smiles Forever Dental Clinic,,+91 98400 11990,,False,No Website (Directory Listing Only),,,,,Chennai,,,,
Nungambakkam Dental Care,,+91 44 2825 4433,,False,No Website (Directory Listing Only),,,,,Chennai,,,,
Right Dental Clinic Porur,,+91 98842 55660,,True,https://rightdentalclinic.com,,,,,Chennai,,,,
Dr Smilez Dental Center Porur,,+91 98844 44343,,True,https://drsmilez.com,,,,,Chennai,,,,
Expert Dental Care Porur,,+91 98402 33441,,True,https://expertdental.in,,,,,Chennai,,,,
Apollo Dental Porur,,+91 44 2476 1122,,True,https://apollodental.in,,,,,Chennai,,,,
Clove Dental Porur,,+91 11 3355 3232,,True,https://clovedental.in,,,,,Chennai,,,,
Lakshmi Dental Care Porur,,+91 44 2482 7788,,False,No Website (Directory Listing Only),,,,,Chennai,,,,
Signature Dental Care,,+91 98405 11223,,False,No Website (Directory Listing Only),,,,,Chennai,,,,
Sri Balaji Dental Clinic Porur,,+91 44 2482 1199,,False,No Website (Directory Listing Only),,,,,Chennai,,,,
Poonamallee High Dental Care,,+91 98849 88776,,False,No Website (Directory Listing Only),,,,,Chennai,,,,
Dr. Rajendran Multispeciality Dental Clinic,,+91 44 2226 1122,,True,https://tambaramdentalclinic.com,,,,,Chennai,,,,
Radiant Dental Care Tambaram,,+91 91766 00055,,True,https://radiantdentalcare.in,,,,,Chennai,,,,
Dr. Amarnathan's Dental Care,,+91 44 2239 8899,,True,https://dramarnathansdentalcare.com,,,,,Chennai,,,,
Apollo Dental Tambaram,,+91 44 2226 5544,,True,https://apollodental.in,,,,,Chennai,,,,
Clove Dental Tambaram,,+91 11 3355 3232,,True,https://clovedental.in,,,,,Chennai,,,,
Smile Dental Clinic Tambaram,,+91 44 2226 9988,,False,No Website (Directory Listing Only),,,,,Chennai,,,,
Grace Dental Clinic,,+91 98402 44556,,False,No Website (Directory Listing Only),,,,,Chennai,,,,
Sri Raghavendra Dental Clinic,,+91 44 2239 1234,,False,No Website (Directory Listing Only),,,,,Chennai,,,,
Vasanth Dental Care,,+91 98841 33221,,False,No Website (Directory Listing Only),,,,,Chennai,,,,
Supreme Multi-Speciality Dental Centre,,+91 44 2480 1122,,True,https://supremedental.clinic,,,,,Chennai,,,,
Partha Dental Clinic Vadapalani,,+91 44 4350 8899,,True,https://parthadental.com,,,,,Chennai,,,,
Apollo Dental Vadapalani,,+91 44 2481 2233,,True,https://apollodental.in,,,,,Chennai,,,,
Clove Dental Vadapalani,,+91 11 3355 3232,,True,https://clovedental.in,,,,,Chennai,,,,
R R Dental Hospital,,+91 44 2484 5566,,False,No Website (Directory Listing Only),,,,,Chennai,,,,
RD Dental Care Kodambakkam,,+91 44 2483 1122,,True,https://prodentist.in,,,,,Chennai,,,,
Kalaa Dental Clinic Kodambakkam,,+91 98401 22330,,True,https://kalaadentalcare.com,,,,,Chennai,,,,
Tooth N Care Kodambakkam,,+91 44 2481 9900,,False,No Website (Directory Listing Only),,,,,Chennai,,,,
Sri Sai Multi Speciality Dental Clinic,,+91 98842 11009,,False,No Website (Directory Listing Only),,,,,Chennai,,,,
Dr Smilez Dental Center Alwarpet,,+91 98844 44343,,True,https://drsmilez.com,,,,,Chennai,,,,
Aligning Dentistry Alwarpet,,+91 98400 88991,,True,https://aligningdentistry.com,,,,,Chennai,,,,
Apollo Dental Alwarpet,,+91 44 2499 5566,,True,https://apollodental.in,,,,,Chennai,,,,
Pooja's Pearl Dentistry,,+91 44 2498 3344,,False,No Website (Directory Listing Only),,,,,Chennai,,,,
Jovani Dental Clinic,,+91 44 2491 8899,,True,https://jovanidental.com,,,,,Chennai,,,,
Besant Dental Care,,+91 44 2490 1234,,True,https://besantdentalcare.com,,,,,Chennai,,,,
SmileyDent Besant Nagar,,+91 98403 66778,,True,https://smileydent.in,,,,,Chennai,,,,
Beach Road Dental Clinic,,+91 44 2446 9900,,False,No Website (Directory Listing Only),,,,,Chennai,,,,
"Tamil Nadu Government Dental College & Hospital, Chennai",,Available on Local Map,,False,No Website (Local Clinic Only),,,,,Chennai,,,,
B.M.Orthopaedic Hospital,,Available on Local Map,,False,No Website (Local Clinic Only),,,,,Chennai,,,,
SRM Dental Hospital,,Available on Local Map,,False,No Website (Local Clinic Only),,,,,Chennai,,,,
Ortho clinic,,Available on Local Map,,False,No Website (Local Clinic Only),,,,,Chennai,,,,
Dr. Janardhanan Multispeciality Dental Clinic,,Available on Local Map,,False,No Website (Local Clinic Only),,,,,Chennai,,,,
Needs Smile Babies,,Available on Local Map,,False,No Website (Local Clinic Only),,,,,Chennai,,,,
Jaws Dental Foundation,,Available on Local Map,,False,No Website (Local Clinic Only),,,,,Chennai,,,,
Smile Care,,Available on Local Map,,False,No Website (Local Clinic Only),,,,,Chennai,,,,
Tooth Craft,,Available on Local Map,,False,No Website (Local Clinic Only),,,,,Chennai,,,,
Bohra Tooth Palace,,Available on Local Map,,False,No Website (Local Clinic Only),,,,,Chennai,,,,
Novel Dental Care,,Available on Local Map,,False,No Website (Local Clinic Only),,,,,Chennai,,,,
LIMAT Dental Care,,"7299-04-2222, 7299-05-2222",,False,No Website (Local Clinic Only),,,,,Chennai,,,,
OMR Dental Center,,Available on Local Map,,False,No Website (Local Clinic Only),,,,,Chennai,,,,
Sha Dental Clinic,,Available on Local Map,,False,No Website (Local Clinic Only),,,,,Chennai,,,,
Family Dentistry Center,,Available on Local Map,,False,No Website (Local Clinic Only),,,,,Chennai,,,,
Parasu Dental Clinic,,Available on Local Map,,False,No Website (Local Clinic Only),,,,,Chennai,,,,
Anbu Dental Implant & Maxillofacial Clinic,,9940753151,,False,No Website (Local Clinic Only),,,,,Chennai,,,,
White Dental Clinic,,9840093689,,False,No Website (Local Clinic Only),,,,,Chennai,,,,
"Qure Ortho Clinic, Physiotherapy, X Ray & Pharmacy",,095000 06644,,False,No Website (Local Clinic Only),,,,,Chennai,,,,
St.George Jacobite Syrian Orthodox Church,,Available on Local Map,,False,No Website (Local Clinic Only),,,,,Chennai,,,,
Vijaya Institute Of Trauma and Orthopadics,,Available on Local Map,,False,No Website (Local Clinic Only),,,,,Chennai,,,,
Vasanthi Orthopaedic Hospital,,Available on Local Map,,False,No Website (Local Clinic Only),,,,,Chennai,,,,
Sri Sai Sankara Dental Clinic And Orthodontic Cent,,Available on Local Map,,False,No Website (Local Clinic Only),,,,,Chennai,,,,
Sriram Dental Clinic and Orthodontic Centre,,Available on Local Map,,False,No Website (Local Clinic Only),,,,,Chennai,,,,
Getwel Dental Clinic,,Available on Local Map,,False,No Website (Local Clinic Only),,,,,Chennai,,,,
Christudas Orthopaedic Speciality Hospital,,Available on Local Map,,True,https://www.cosh.in/,,,,,Chennai,,,,
Dr. Udhaya Rajas Dental Centre,,Available on Local Map,,False,No Website (Local Clinic Only),,,,,Chennai,,,,
Aarthi Priyas Tooth Care Clinic,,Available on Local Map,,False,No Website (Local Clinic Only),,,,,Chennai,,,,
Warriers Dental Care,,Available on Local Map,,False,No Website (Local Clinic Only),,,,,Chennai,,,,
"Krishna Dental Clinic, Chennai",,Available on Local Map,,False,No Website (Local Clinic Only),,,,,Chennai,,,,
Dr.Kumar'S Ortho Clinic,,Available on Local Map,,False,No Website (Local Clinic Only),,,,,Chennai,,,,
M. N. Orthopaedic Hospital,,+914426442279,,True,https://www.mnorthohosp.com/,,,,,Chennai,,,,
M.L Dental Clinic,,Available on Local Map,,False,No Website (Local Clinic Only),,,,,Chennai,,,,
Orthopedic and Specialities Hospital,,Available on Local Map,,False,No Website (Local Clinic Only),,,,,Chennai,,,,
Shree Sai Krupa Dental Care,,Available on Local Map,,False,No Website (Local Clinic Only),,,,,Chennai,,,,
Sulochana Dental Care Center,,Available on Local Map,,False,No Website (Local Clinic Only),,,,,Chennai,,,,
Dr Vas Dental Clinic,,Available on Local Map,,False,No Website (Local Clinic Only),,,,,Chennai,,,,
Rajan Dental Institute Pvt. Ltd.,,Available on Local Map,,False,No Website (Local Clinic Only),,,,,Chennai,,,,
Sai Ortho Care Hospital,,Available on Local Map,,False,No Website (Local Clinic Only),,,,,Chennai,,,,
Caps Dental Clinic and Face and Jaw Centre,,Available on Local Map,,False,No Website (Local Clinic Only),,,,,Chennai,,,,
Sri Viveka Institute Of Dental Health,,Available on Local Map,,False,No Website (Local Clinic Only),,,,,Chennai,,,,
Glow Dental,,Available on Local Map,,False,No Website (Local Clinic Only),,,,,Chennai,,,,
Adyar Ortho Clinic,,Available on Local Map,,False,No Website (Local Clinic Only),,,,,Chennai,,,,
Dr. Premkumar's Orthopedic Clinic,,Available on Local Map,,False,No Website (Local Clinic Only),,,,,Chennai,,,,
Pulp Dental Hospital,,Available on Local Map,,False,No Website (Local Clinic Only),,,,,Chennai,,,,
St. Peter & St.Paul's Orthodox Church,,Available on Local Map,,False,No Website (Local Clinic Only),,,,,Chennai,,,,
Malligai Dental Academy,,Available on Local Map,,False,No Website (Local Clinic Only),,,,,Chennai,,,,
RP Multispeciality Dental Clinic,,Available on Local Map,,False,No Website (Local Clinic Only),,,,,Chennai,,,,
Sri Dental Care,,Available on Local Map,,False,No Website (Local Clinic Only),,,,,Chennai,,,,
Star Dental Care,,Available on Local Map,,False,No Website (Local Clinic Only),,,,,Chennai,,,,
Smile Care Multispeciality Dental Clinic,,Available on Local Map,,False,No Website (Local Clinic Only),,,,,Chennai,,,,
Sunil's Dental Care,,Available on Local Map,,False,No Website (Local Clinic Only),,,,,Chennai,,,,
TJ Dental Clinic,,Available on Local Map,,False,No Website (Local Clinic Only),,,,,Chennai,,,,
Golden Dental,,Available on Local Map,,False,No Website (Local Clinic Only),,,,,Chennai,,,,
Dr. Saravana's Ortho Clinic,,Available on Local Map,,False,No Website (Local Clinic Only),,,,,Chennai,,,,
Care N Cure Dental Centre,,Available on Local Map,,False,No Website (Local Clinic Only),,,,,Chennai,,,,
I Smile Dental Care,,Available on Local Map,,False,No Website (Local Clinic Only),,,,,Chennai,,,,
Dr. Rajendran Dental Clinic,,Available on Local Map,,False,No Website (Local Clinic Only),,,,,Chennai,,,,
Dr. Tamilarasi Dental Clinic,,Available on Local Map,,False,No Website (Local Clinic Only),,,,,Chennai,,,,
MJ Orthocare Hospital,,Available on Local Map,,False,No Website (Local Clinic Only),,,,,Chennai,,,,
Vasanthi Dental Hospital,,Available on Local Map,,False,No Website (Local Clinic Only),,,,,Chennai,,,,
Varshu Dental Clinic,,Available on Local Map,,False,No Website (Local Clinic Only),,,,,Chennai,,,,
Amirdham Dental Clinic,,Available on Local Map,,False,No Website (Local Clinic Only),,,,,Chennai,,,,
KSR Dental Clinic,,Available on Local Map,,False,No Website (Local Clinic Only),,,,,Chennai,,,,
Venu Dental Care,,Available on Local Map,,False,No Website (Local Clinic Only),,,,,Chennai,,,,
Apollo White Dental Clinic & Hospital,,Available on Local Map,,False,No Website (Local Clinic Only),,,,,Chennai,,,,
Thendral Skin and Dental Hospital,,Available on Local Map,,False,No Website (Local Clinic Only),,,,,Chennai,,,,
Dr. Nesam Multispeciality Dental Hospital,,Available on Local Map,,False,No Website (Local Clinic Only),,,,,Chennai,,,,
M.M.Dental Clinic,,Available on Local Map,,False,No Website (Local Clinic Only),,,,,Chennai,,,,
Arjun Dental Care,,Available on Local Map,,False,No Website (Local Clinic Only),,,,,Chennai,,,,
New Profile Dental Clinic,,Available on Local Map,,False,No Website (Local Clinic Only),,,,,Chennai,,,,
Charu Dent,,Available on Local Map,,False,No Website (Local Clinic Only),,,,,Chennai,,,,
Nathan Dental Clinic,,Available on Local Map,,False,No Website (Local Clinic Only),,,,,Chennai,,,,
AG Dental Care,,Available on Local Map,,False,No Website (Local Clinic Only),,,,,Chennai,,,,
Shri Shankaram Dental Clinic,,Available on Local Map,,False,No Website (Local Clinic Only),,,,,Chennai,,,,
Vijay Ortho Clinic,,Available on Local Map,,False,No Website (Local Clinic Only),,,,,Chennai,,,,
Punnagai Dental Clinic,,Available on Local Map,,False,No Website (Local Clinic Only),,,,,Chennai,,,,
Sulaiman Memorial Dental and Child Care,,Available on Local Map,,False,No Website (Local Clinic Only),,,,,Chennai,,,,
Raga Dental Clinic,,Available on Local Map,,False,No Website (Local Clinic Only),,,,,Chennai,,,,
Annam Dental Clinic,,Available on Local Map,,False,No Website (Local Clinic Only),,,,,Chennai,,,,
Shri Dhanwantari Dental Clinic,,Available on Local Map,,False,No Website (Local Clinic Only),,,,,Chennai,,,,
Dr. Srinath's Dental Zone,,Available on Local Map,,False,No Website (Local Clinic Only),,,,,Chennai,,,,
Parasu Dental Care,,Available on Local Map,,False,No Website (Local Clinic Only),,,,,Chennai,,,,
Reva Dental Clinic,,Available on Local Map,,False,No Website (Local Clinic Only),,,,,Chennai,,,,
Vijaya Lakshmi Dental Clinic,,Available on Local Map,,False,No Website (Local Clinic Only),,,,,Chennai,,,,
Cure Advanced Dental Care,,Available on Local Map,,False,No Website (Local Clinic Only),,,,,Chennai,,,,
Sree Annai Dental Clinic,,Available on Local Map,,False,No Website (Local Clinic Only),,,,,Chennai,,,,
Siva Dental Clinic,,Available on Local Map,,False,No Website (Local Clinic Only),,,,,Chennai,,,,
Shiva Sakthi Dental Clinic,,Available on Local Map,,False,No Website (Local Clinic Only),,,,,Chennai,,,,
Adarsh Dental Care,,Available on Local Map,,False,No Website (Local Clinic Only),,,,,Chennai,,,,
"Rishika Ortho, Spine and Joint Speciality Centre",,Available on Local Map,,False,No Website (Local Clinic Only),,,,,Chennai,,,,
Joseph Dentcare,,Available on Local Map,,False,No Website (Local Clinic Only),,,,,Chennai,,,,
Kayathri Dental Clinic,,Available on Local Map,,False,No Website (Local Clinic Only),,,,,Chennai,,,,
Sri Ram Dental Care,,Available on Local Map,,False,No Website (Local Clinic Only),,,,,Chennai,,,,
Grace Dental,,Available on Local Map,,False,No Website (Local Clinic Only),,,,,Chennai,,,,
Sri Bhavani Dental Clinic,,Available on Local Map,,False,No Website (Local Clinic Only),,,,,Chennai,,,,
Manav Dental Care,,Available on Local Map,,False,No Website (Local Clinic Only),,,,,Chennai,,,,
Krithic Dental Care,,Available on Local Map,,False,No Website (Local Clinic Only),,,,,Chennai,,,,
Radiant Dental Care,,Available on Local Map,,False,No Website (Local Clinic Only),,,,,Chennai,,,,
Shri Lakshmi Dental Care,,Available on Local Map,,False,No Website (Local Clinic Only),,,,,Chennai,,,,
Natural Smile A Complete Family Dental Clinic,,Available on Local Map,,False,No Website (Local Clinic Only),,,,,Chennai,,,,
Ortho and Neuro Physiotherapy Clinic,,Available on Local Map,,False,No Website (Local Clinic Only),,,,,Chennai,,,,
Sai Suguna Dental and Physiotherapy Clinic,,Available on Local Map,,False,No Website (Local Clinic Only),,,,,Chennai,,,,
AJ Multi Speciality Dental Clinic,,Available on Local Map,,False,No Website (Local Clinic Only),,,,,Chennai,,,,
Smile Craftz Dental Centre,,Available on Local Map,,False,No Website (Local Clinic Only),,,,,Chennai,,,,
SI Dental Care,,Available on Local Map,,False,No Website (Local Clinic Only),,,,,Chennai,,,,
Dr. Amarnathan's Dental Clinic,,Available on Local Map,,False,No Website (Local Clinic Only),,,,,Chennai,,,,
Saraswati Dental Care,,Available on Local Map,,False,No Website (Local Clinic Only),,,,,Chennai,,,,
"Kathir Ortho, Neuro, Spine and Physiotherapy Clinic",,Available on Local Map,,False,No Website (Local Clinic Only),,,,,Chennai,,,,
Balaji Cosmetic and Dental Clinic,,Available on Local Map,,False,No Website (Local Clinic Only),,,,,Chennai,,,,
Parvathy Ortho Hospital,,Available on Local Map,,False,No Website (Local Clinic Only),,,,,Chennai,,,,
Dr. Pradeep Ortho Clinic,,Available on Local Map,,False,No Website (Local Clinic Only),,,,,Chennai,,,,
Dr. Thamarai's Dental Care,,Available on Local Map,,False,No Website (Local Clinic Only),,,,,Chennai,,,,
A.I. Dental Care and Facio Maxillary Centre,,Available on Local Map,,False,No Website (Local Clinic Only),,,,,Chennai,,,,
Saravana Dental Hospital,,Available on Local Map,,False,No Website (Local Clinic Only),,,,,Chennai,,,,
MSR Dentistry,,Available on Local Map,,False,No Website (Local Clinic Only),,,,,Chennai,,,,
L S Dental Clinic,,Available on Local Map,,False,No Website (Local Clinic Only),,,,,Chennai,,,,
Seethalakshmi Dental Care,,Available on Local Map,,False,No Website (Local Clinic Only),,,,,Chennai,,,,
Sai Dental Care,,Available on Local Map,,False,No Website (Local Clinic Only),,,,,Chennai,,,,
Kavi Dental Clinic,,Available on Local Map,,False,No Website (Local Clinic Only),,,,,Chennai,,,,
Shri Sai Children's Hospital and Dental Clinic,,Available on Local Map,,False,No Website (Local Clinic Only),,,,,Chennai,,,,
Apollo White Dental Clinic and Hospital,,Available on Local Map,,False,No Website (Local Clinic Only),,,,,Chennai,,,,
Smile and Shine Dental Clinic,,Available on Local Map,,False,No Website (Local Clinic Only),,,,,Chennai,,,,
Lakshana Ortho Centre,,Available on Local Map,,False,No Website (Local Clinic Only),,,,,Chennai,,,,
Radial Ortho Speciality Hospital,,Available on Local Map,,False,No Website (Local Clinic Only),,,,,Chennai,,,,
Lakshmi Dental Clinic,,Available on Local Map,,False,No Website (Local Clinic Only),,,,,Chennai,,,,
Vaibhav Dental Care,,Available on Local Map,,False,No Website (Local Clinic Only),,,,,Chennai,,,,
Eternal Smiles Dental Care,,Available on Local Map,,False,No Website (Local Clinic Only),,,,,Chennai,,,,
Clove Dental,,Available on Local Map,,False,No Website (Local Clinic Only),,,,,Chennai,,,,
Mr. and Mrs. Tooth Dental Hospital,,Available on Local Map,,False,No Website (Local Clinic Only),,,,,Chennai,,,,
Dr. Naveen's Tooth Care,,Available on Local Map,,False,No Website (Local Clinic Only),,,,,Chennai,,,,
Xpressions Dental Hospital,,Available on Local Map,,False,No Website (Local Clinic Only),,,,,Chennai,,,,
Danta Raksha Dental Clinic,,Available on Local Map,,False,No Website (Local Clinic Only),,,,,Chennai,,,,
32 Dental Care,,Available on Local Map,,False,No Website (Local Clinic Only),,,,,Chennai,,,,
Dr. Prabha Dental Clinic,,Available on Local Map,,False,No Website (Local Clinic Only),,,,,Chennai,,,,
Avinash Ortho Hospital,,Available on Local Map,,False,No Website (Local Clinic Only),,,,,Chennai,,,,
Kavitha Ortho and Multi Speciality Hospital,,Available on Local Map,,False,No Website (Local Clinic Only),,,,,Chennai,,,,
Dr. Kavya Dental Clinic,,Available on Local Map,,False,No Website (Local Clinic Only),,,,,Chennai,,,,
Kumaran Dental Centre,,Available on Local Map,,False,No Website (Local Clinic Only),,,,,Chennai,,,,
Bharathi Dental Clinic,,Available on Local Map,,False,No Website (Local Clinic Only),,,,,Chennai,,,,
"Ray's Head, Neck Care Centre-ENT and Dental Clinic",,Available on Local Map,,False,No Website (Local Clinic Only),,,,,Chennai,,,,
Mile Stone Dental Care,,Available on Local Map,,False,No Website (Local Clinic Only),,,,,Chennai,,,,
Radial Ortho Clinic,,Available on Local Map,,False,No Website (Local Clinic Only),,,,,Chennai,,,,
V.V. Dental Clinic,,Available on Local Map,,False,No Website (Local Clinic Only),,,,,Chennai,,,,
Vasan Dental Care,,Available on Local Map,,False,No Website (Local Clinic Only),,,,,Chennai,,,,
Vinu's Smile Care Dental Clinic,,Available on Local Map,,False,No Website (Local Clinic Only),,,,,Chennai,,,,
Star Dental Care and Implant Centre,,Available on Local Map,,False,No Website (Local Clinic Only),,,,,Chennai,,,,
Mangalaa Dental Clinic,,Available on Local Map,,False,No Website (Local Clinic Only),,,,,Chennai,,,,
N.B Multi Speciality Dental Clinic,,Available on Local Map,,False,No Website (Local Clinic Only),,,,,Chennai,,,,
Prasanna Dental Care,,Available on Local Map,,False,No Website (Local Clinic Only),,,,,Chennai,,,,
Aura Dentistry,,Available on Local Map,,False,No Website (Local Clinic Only),,,,,Chennai,,,,
Signature Smiles,,Available on Local Map,,False,No Website (Local Clinic Only),,,,,Chennai,,,,
Rekha Multi Speciality and Dental,,Available on Local Map,,False,No Website (Local Clinic Only),,,,,Chennai,,,,
Gold Dental,,Available on Local Map,,False,No Website (Local Clinic Only),,,,,Chennai,,,,
Ramya Dental Clinic,,Available on Local Map,,False,No Website (Local Clinic Only),,,,,Chennai,,,,
Sara Smile Care,,Available on Local Map,,False,No Website (Local Clinic Only),,,,,Chennai,,,,
Kumar Dental and Maxillofacial Clinic,,Available on Local Map,,False,No Website (Local Clinic Only),,,,,Chennai,,,,
Panacae Dental Care,,Available on Local Map,,False,No Website (Local Clinic Only),,,,,Chennai,,,,
Sparkle Dent,,Available on Local Map,,False,No Website (Local Clinic Only),,,,,Chennai,,,,
David's Dental Clinic,,Available on Local Map,,False,No Website (Local Clinic Only),,,,,Chennai,,,,
Mano Dental Clinic and Implant Centre,,Available on Local Map,,False,No Website (Local Clinic Only),,,,,Chennai,,,,
Smile Solutions Dental Clinic,,Available on Local Map,,False,No Website (Local Clinic Only),,,,,Chennai,,,,
Bhavithra Dental Clinic,,Available on Local Map,,False,No Website (Local Clinic Only),,,,,Chennai,,,,
Best Laser Dental Clinic,,Available on Local Map,,False,No Website (Local Clinic Only),,,,,Chennai,,,,
Sara Dental Care,,Available on Local Map,,False,No Website (Local Clinic Only),,,,,Chennai,,,,
Smile Dental Clinic,,Available on Local Map,,False,No Website (Local Clinic Only),,,,,Chennai,,,,
Padmavathi Dental Care,,Available on Local Map,,False,No Website (Local Clinic Only),,,,,Chennai,,,,
Dr. Ravi Kumar Ortho Clinic,,Available on Local Map,,False,No Website (Local Clinic Only),,,,,Chennai,,,,
Dental Hospital,,Available on Local Map,,False,No Website (Local Clinic Only),,,,,Chennai,,,,
Nithilam Dental Clinic,,Available on Local Map,,False,No Website (Local Clinic Only),,,,,Chennai,,,,
Nalan Dental Hospital,,Available on Local Map,,False,No Website (Local Clinic Only),,,,,Chennai,,,,
Vijay Ortho and Eye Clinic,,Available on Local Map,,False,No Website (Local Clinic Only),,,,,Chennai,,,,
Recure Dental Care,,Available on Local Map,,False,No Website (Local Clinic Only),,,,,Chennai,,,,
Dentiq Super Speciality Laser Dental Hospital,,Available on Local Map,,False,No Website (Local Clinic Only),,,,,Chennai,,,,
Smiles Nature Cure,,Available on Local Map,,False,No Website (Local Clinic Only),,,,,Chennai,,,,
Chirayu Dental Aesthetic Centre,,Available on Local Map,,False,No Website (Local Clinic Only),,,,,Chennai,,,,
Vaishnavi Dental Care Centre,,Available on Local Map,,False,No Website (Local Clinic Only),,,,,Chennai,,,,
Kamal Dental Clinic,,Available on Local Map,,False,No Website (Local Clinic Only),,,,,Chennai,,,,
Zircon Dental Care,,Available on Local Map,,False,No Website (Local Clinic Only),,,,,Chennai,,,,
Janakheshwari Dental Clinic,,Available on Local Map,,False,No Website (Local Clinic Only),,,,,Chennai,,,,
Bright Dental Clinic,,Available on Local Map,,False,No Website (Local Clinic Only),,,,,Chennai,,,,
Relief Dental Hospitals,,Available on Local Map,,False,No Website (Local Clinic Only),,,,,Chennai,,,,
Coast Dental Clinic,,Available on Local Map,,False,No Website (Local Clinic Only),,,,,Chennai,,,,
C.M. Dental Clinic,,Available on Local Map,,False,No Website (Local Clinic Only),,,,,Chennai,,,,
Little Smiles Dental Clinic,,Available on Local Map,,False,No Website (Local Clinic Only),,,,,Chennai,,,,
Dr. Kavitha Iyer's Orthodontics & Dental Centre,,Available on Local Map,,False,No Website (Local Clinic Only),,,,,Chennai,,,,
Orthomed Hospital,,Available on Local Map,,False,No Website (Local Clinic Only),,,,,Chennai,,,,
R.R. Dental,,Available on Local Map,,False,No Website (Local Clinic Only),,,,,Chennai,,,,
Sankara Dental Clinic,,Available on Local Map,,False,No Website (Local Clinic Only),,,,,Chennai,,,,
Spn Orthopaedic Clinic,,Available on Local Map,,False,No Website (Local Clinic Only),,,,,Chennai,,,,
R.K Dental Care,,Available on Local Map,,False,No Website (Local Clinic Only),,,,,Chennai,,,,
Arun Dental Clinic,,Available on Local Map,,False,No Website (Local Clinic Only),,,,,Chennai,,,,
Rose Dental Clinic,,Available on Local Map,,False,No Website (Local Clinic Only),,,,,Chennai,,,,
GV Dental Clinic,,Available on Local Map,,False,No Website (Local Clinic Only),,,,,Chennai,,,,
Rahul Dental Clinic,,Available on Local Map,,False,No Website (Local Clinic Only),,,,,Chennai,,,,
Senthil Dental Care,,Available on Local Map,,False,No Website (Local Clinic Only),,,,,Chennai,,,,
SV Vision & Dental Care,,Available on Local Map,,False,No Website (Local Clinic Only),,,,,Chennai,,,,
Wings Dental Care,,Available on Local Map,,False,No Website (Local Clinic Only),,,,,Chennai,,,,
Bithi Dental Clinic,,Available on Local Map,,False,No Website (Local Clinic Only),,,,,Chennai,,,,
Dr. Balagopal's Dental Clinic,,Available on Local Map,,False,No Website (Local Clinic Only),,,,,Chennai,,,,
Dental Icons,,Available on Local Map,,False,No Website (Local Clinic Only),,,,,Chennai,,,,
Dr. Ilavarasan Ortho Clinic,,Available on Local Map,,False,No Website (Local Clinic Only),,,,,Chennai,,,,
Ranganathan Dental Clinic,,Available on Local Map,,False,No Website (Local Clinic Only),,,,,Chennai,,,,
Kavinaya Dental Care,,Available on Local Map,,False,No Website (Local Clinic Only),,,,,Chennai,,,,
Thirty 2 Dental Centre,,Available on Local Map,,False,No Website (Local Clinic Only),,,,,Chennai,,,,
Kamala Sayee Dental Clinic,,Available on Local Map,,False,No Website (Local Clinic Only),,,,,Chennai,,,,
Sunday Dental Clinic,,Available on Local Map,,False,No Website (Local Clinic Only),,,,,Chennai,,,,
American Dental Care,,Available on Local Map,,False,No Website (Local Clinic Only),,,,,Chennai,,,,
Ramchandras Jussmile Dental Clinic & Dental Implant Centre,,Available on Local Map,,False,No Website (Local Clinic Only),,,,,Chennai,,,,
Smileworks Dental Clinic,,Available on Local Map,,False,No Website (Local Clinic Only),,,,,Chennai,,,,
Sastha Dental Clinic,,Available on Local Map,,False,No Website (Local Clinic Only),,,,,Chennai,,,,
P.R.K Multispeciality Dental Clinic,,Available on Local Map,,False,No Website (Local Clinic Only),,,,,Chennai,,,,
CPL Dental Clinic,,Available on Local Map,,False,No Website (Local Clinic Only),,,,,Chennai,,,,
Sugam Ortho Clinic,,Available on Local Map,,False,No Website (Local Clinic Only),,,,,Chennai,,,,
Arunz Dental Clinic,,Available on Local Map,,False,No Website (Local Clinic Only),,,,,Chennai,,,,
Dhaarani’s Divine Smiles,,+91 63818 04443,,True,https://ovmstudios.in/server/ddsmiles/index.html,,,,,Chennai,,,,
KS Bone and Joint Clinic - Ortho,,98842 83582,,True,https://www.ksboneandjointortho.in/,,,,,Chennai,,,,
Balaji Dental College,,Available on Local Map,,False,No Website (Local Clinic Only),,,,,Chennai,,,,
4 Squares Dentistry,,044 4859 2044,,True,https://www.4squaresdentistry.in/dental-clinic-gowrivakkam/,,,,,Chennai,,,,
Clove;),,Available on Local Map,,False,No Website (Local Clinic Only),,,,,Chennai,,,,
Just Smile Dental & ENT Specialities,,+91 81908 58855;+91 81908 58866,,False,No Website (Local Clinic Only),,,,,Chennai,,,,
Pratibha Dental Clinic,,Available on Local Map,,False,No Website (Local Clinic Only),,,,,Chennai,,,,
Sri sai baba,,Available on Local Map,,False,No Website (Local Clinic Only),,,,,Chennai,,,,
Fakhri Dental Clinic,,Available on Local Map,,False,No Website (Local Clinic Only),,,,,Chennai,,,,
Chindamani Dentral Centre,,Available on Local Map,,False,No Website (Local Clinic Only),,,,,Chennai,,,,
Dr. S. Aadil Ahamed,,Available on Local Map,,False,No Website (Local Clinic Only),,,,,Chennai,,,,
S. R. Dental Care,,Available on Local Map,,False,No Website (Local Clinic Only),,,,,Chennai,,,,
MS Dental clinic,,Available on Local Map,,False,No Website (Local Clinic Only),,,,,Chennai,,,,
Janani dental care,,Available on Local Map,,False,No Website (Local Clinic Only),,,,,Chennai,,,,
Gangasri Dental Clinic,,Available on Local Map,,False,No Website (Local Clinic Only),,,,,Chennai,,,,
Shree Ortho Clinic,,Available on Local Map,,False,No Website (Local Clinic Only),,,,,Chennai,,,,
Shriram Dental Clinic,,Available on Local Map,,False,No Website (Local Clinic Only),,,,,Chennai,,,,
Smiles - Every Girls Fantasy,,Available on Local Map,,False,No Website (Local Clinic Only),,,,,Chennai,,,,
Maruti Dental Clinic,,Available on Local Map,,False,No Website (Local Clinic Only),,,,,Chennai,,,,
Sree Krishna Dental Clinic,,Available on Local Map,,False,No Website (Local Clinic Only),,,,,Chennai,,,,
Aakash Dental Care,,Available on Local Map,,False,No Website (Local Clinic Only),,,,,Chennai,,,,
Smile Squad Dental Clinic,,+916269626989,,True,https://www.smilesquaddentistry.com/,,,,,Chennai,,,,
M.K. Dental Clinic,,Available on Local Map,,False,No Website (Local Clinic Only),,,,,Chennai,,,,
Broadway Dental & Face Care,,Available on Local Map,,False,No Website (Local Clinic Only),,,,,Chennai,,,,
Ram Dental Clinic,,Available on Local Map,,False,No Website (Local Clinic Only),,,,,Chennai,,,,
Dentist,,Available on Local Map,,False,No Website (Local Clinic Only),,,,,Chennai,,,,
Globe Dental Care,,Available on Local Map,,False,No Website (Local Clinic Only),,,,,Chennai,,,,
Dental College & Hospital,,Available on Local Map,,False,No Website (Local Clinic Only),,,,,Chennai,,,,
Smile centre,,Available on Local Map,,False,No Website (Local Clinic Only),,,,,Chennai,,,,
Elite Dental,,Available on Local Map,,False,No Website (Local Clinic Only),,,,,Chennai,,,,
MaxHealth Dental Clinic,,9884838148,,False,No Website (Local Clinic Only),,,,,Chennai,,,,
JD Dental and Implant center,,Available on Local Map,,False,No Website (Local Clinic Only),,,,,Chennai,,,,
Smile Mantra,,Available on Local Map,,False,No Website (Local Clinic Only),,,,,Chennai,,,,
Precious Smile Photography,,Available on Local Map,,False,No Website (Local Clinic Only),,,,,Chennai,,,,
Thanvik Smile Care,,+919080893176,,False,No Website (Local Clinic Only),,,,,Chennai,,,,
N.R. Krishnaswamy,,Available on Local Map,,False,No Website (Local Clinic Only),,,,,Chennai,,,,
Trinity Dental Clinic,,Available on Local Map,,False,No Website (Local Clinic Only),,,,,Chennai,,,,
Tagore Dental College And Hospital,,Available on Local Map,,True,https://www.tagoredentalcollege.com/,,,,,Chennai,,,,
St. Thomas Orthodox Cathedral,,Available on Local Map,,False,No Website (Local Clinic Only),,,,,Chennai,,,,
St. Gregorios Orthodox Church,,Available on Local Map,,False,No Website (Local Clinic Only),,,,,Chennai,,,,
St. Mary's Orthodox Syrian Church,,Available on Local Map,,False,No Website (Local Clinic Only),,,,,Chennai,,,,
Smile Confident Dentistry (Porur Mangadu Iyyappanthangal Seneerkuppam),Mrs Uma Mageshwari (Owner),9176284448,smileconfident.01@gmail.com,True,https://www.smileconfident.in,SV Akshay Complex,ANE Salai,Iyyappanthangal,600056,Chennai,4.9,244,2018,https://www.justdial.com/Chennai/Smile-Confident-Dentistry-Porur-Mangadu-Iyyappanthangal-Seneerkuppam-OPP-CITI-UNION-ATM-Iyyappanthangal/044PXX44-XX44-180519105833-C5I6_BZDET
Smile Solutions Family Dentistry,"Dr Srikanth(Proprietor),Dr Poornima(Proprietor)",9884219332,drsri78@gmail.com,False,,Smile Solutions Family Dentistry,Ramachandra Street Nehru Nagar,Chromepet,600044,Chennai,5.0,"2,502",2000,https://www.justdial.com/Chennai/Smile-Solutions-Family-Dentistry-Sudar-Hospital-Chromepet/044PXX44-XX44-110718125910-M7L8_BZDET
Shana's Dental Care,Dr Rajalakshmi K R (Owner),9094224494,drrajalakshmi.sdc@gmail.com,False,,"Street, Corporation Ground","Officers Colony,Rajaram Mehta Nagar",Aminjikarai,600030,Chennai,4.7,33,2024,https://www.justdial.com/Chennai/Shanas-Dental-Care-Behind-Metha-Nagar-Aminjikarai/044PXX44-XX44-240605124359-J9M8_BZDET
Zaara Dentistry,AMREEN AARA,9578338800,zaaradentistry@gmail.com,True,https://www.zaaradentistry.com,Zaara Dentistry,BAZAR ROAD,Kundrathur,600069,Chennai,5.0,"1,327",2018,https://www.justdial.com/Chennai/Zaara-Dentistry-NEAR-BY-NH-ROAD-Kundrathur/044PXX44-XX44-230828151301-H8W3_BZDET
Sri Padma Dental Clinic,Mr Aravind Raj R (Proprietor),7871745464,draravindraj04@gmail.com,False,,Sri Padma Dental Clinic,Devaraj Nagar Main Road,Anakaputhur,600070,Chennai,5,23,2019,https://www.justdial.com/Chennai/Sri-Padma-Dental-Clinic-Opp-to-Anagaputhur-Bus-Terminal-Anakaputhur/044PXX44-XX44-230107043019-Q6C3_BZDET
Saraswathi Dental Clinic,Vijay Prakash(Doctor),9884350400,sriviju10@yahoo.co.in,True,https://www.saraswathidentalclinic.com,Saraswathi Dental Clinic,Kambar Street,Alandur-St Thomas Mount,600016,Chennai,4.0,39,2004,https://www.justdial.com/Chennai/Saraswathi-Dental-Clinic-Near-Le-Royal-Meridian-Hotel-Alandur-St-Thomas-Mount/044PXX44-XX44-120705154027-W1K9_BZDET
North Chennai Dental Care Centre,Mr Dinesh J,7401054157,drjdinesh@gmail.com,True,https://www.northchennaidentalcentre.com,North Chennai Dental Care Centre,"Ellayamman Kovil Bus Stop, Tiruvottiyur High Road",Tiruvottiyur,600019,Chennai,4.8,161,1999,https://www.justdial.com/Chennai/North-Chennai-Dental-Care-Centre-Opposite-to-Government-Hospital-Metro-Pillar-No-136-Tiruvottiyur/044PXX44-XX44-140715201634-S7H7_BZDET
Sculpt Dental Hospital,Mr S Sanjay (Director),9840899788,"admin@sculptdentalhospital.com,sculptdentalhospital@gmail.com",True,"https://www.sculptdentalstudio.com,https://www.sculptdentalstudio.com/",JMX ILLAM,20th Street,Anna Nagar,600040,Chennai,5,233,2019,https://www.justdial.com/Chennai/Sculpt-Dental-Hospital-Near-Pazhamudir-Nilayam-Anna-Nagar/044PXX44-XX44-220904031633-E5B9_BZDET
Smile Experts,Mr Mohamed Rafi S N(Proprietor),8015392870,drrafinabi80@gmail.com,True,https://www.bestdentalclinic.co.in,Smile Experts,Vgp Srinivasa Nagar Madambakkam Main Road,Rajakilpakkam,600073,Chennai,4.3,126,2014,https://www.justdial.com/Chennai/Smile-Experts-Near-Bank-Of-Baroda-Rajakilpakkam/044PXX44-XX44-140512125303-I4H7_BZDET
Apollo Clinic,Mr Akhil(Marketing Head),8447845570,feedback@apolloclinic.com,True,https://www.apolloclinic.com,Apollo Clinic,Prakasam Salai,Valasaravakkam,600087,Chennai,4.9,"3,028",2016,https://www.justdial.com/Chennai/Apollo-Clinic-Near-McDonalds-Valasaravakkam/044PXX44-XX44-160506103225-B1H8_BZDET
S R N Man Power Agencies,"Mr Saravanan Kumaresan (Proprietor), Mr Saravana Kumaresan (Proprietor)",8148432829,ksaravanan380@gmail.com,False,,,"Kannagi Nagar ,Kambar Street",Kolathur,600099,Chennai,4.7,135,2022,https://www.justdial.com/Chennai/S-R-N-Man-Power-Agencies-Near-By-Metro-Water-Kolathur/044PXX44-XX44-220910125815-E3P9_BZDET
Elite Dentistry,Mr Balajee (Proprietor),9884673686,Elitedentalcare.annanagar@gmail.com,True,https://www.elitedentistry.in,Elite Dentistry,13th Main Road,Anna Nagar,600040,Chennai,4.7,158,2013,https://www.justdial.com/Chennai/Elite-Dentistry-Near-Revathi-Super-Market-Anna-Nagar/044PXX44-XX44-140613132234-T1Y8_BZDET
Sims Hospital,Mr Rokesh(Vice President),9677715223,customercarecentre@simshospitals.com,True,https://www.simshospitals.com,Sims Hospital,"Jawaharlal Nehru Salai, 100 Feet Road",Vadapalani,600026,Chennai,4.8,"23,280",2012,https://www.justdial.com/Chennai/Sims-Hospital-Near-Vadapalani-Signal-Vadapalani-Metro-Railway-Station-Vadapalani/044PXX44-XX44-120720143932-H3C9_BZDET
Jerush Dentofacial & Cosmetic Laser Centre,"Dr Bladbin (Chairman & CEO),Dr Binila (Managing Director (MD))",8508991111,"jerushchennai@gmail.com,jerushclinic@gmail.com",True,"https://www.jerushdentoface.com,www.jerushcosmetic.com,https://www.jerushdentoface.com","Chandhini Apartment, G2",Mahatma Gandhi Road Sasthri Nagar,Adyar,600020,Chennai,5,278,2018,https://www.justdial.com/Chennai/Jerush-Dentofacial-Cosmetic-Laser-Centre-Near-Sbi-Near-State-Bank-Of-India-Shastri-Nagar-Adyar/044PXX44-XX44-191015192336-E4J6_BZDET
Smile Garden Dental And Orthodontic Centre,DR Murugesan(Proprietor),9444387237,drmurugesansr@gmail.com,True,https://www.smilegarden.in,Rammiyum Srinivas Flats Ram Nagar 6th Main Road,Velachery Tambaram Main Road,Velacheri,600042,Chennai,5,916,2004,https://www.justdial.com/Chennai/Smile-Garden-Dental-And-Orthodontic-Centre-Above-Kvb-Velacheri/044PXX44-XX44-090804235029-Z9V5_BZDET
Ats Dental Clinic,Mr Praveen Raj (Proprietor),8248012987,atsdentalclinic@gmail.com,True,https://www.atsdentalclinic.com,Ats Dental Clinic,"200ft Road, Thoraipakkam Chennai",Thoraipakkam,600097,Chennai,5,459,2019,https://www.justdial.com/Chennai/Ats-Dental-Clinic-Opposite-to-Radiance-Mandarin-Apartment-Thoraipakkam/044PXX44-XX44-190918135205-R2L6_BZDET
Dr. Shabbirs Dental Clinic,"Dr S NASREEN (Proprietor),Dr Shabbir Ahamed (Professor),Dr Rubala (Superintendent)",9442048732,"nasi.bds@gmail.com,shabbirperio@gmail.com",False,,Dr Shabbir's Dental Clinic,South Avenue,Muthamil Nagar-Kodungaiyur,600118,Chennai,5.0,11,2008,https://www.justdial.com/Chennai/Dr-Shabbirs-Dental-Clinic-Opposite-Al-Ameen-Mosque-Muthamil-Nagar-Kodungaiyur/044PXX44-XX44-230227193039-B8M6_BZDET
Eyal Hospital,"Dr Senthil (Managing Director),Mr Bharathidasan Rajagopal (Operations Manager)",9087522626,infoeyalhospital@gmail.com,True,"https://eyalhospital.com/,www.eyalhospital.com",,Pammal Main Road,Pallavaram,600043,Chennai,5.0,55,2025,https://www.justdial.com/Chennai/Eyal-Hospital-Near-Hotel-Mars-Pallavaram/044PXX44-XX44-250704202200-B9N2_BZDET
Wilson Dental Clinic,Dr Diana Rathnamala(Dental Surgeon),7305178589,drcdiana@yahoo.co.in,False,,,"Amman Nagar Main Road,A D Govindaraj Nagar",Kattupakkam,600056,Chennai,5,193,2003,https://www.justdial.com/Chennai/Wilson-Dental-Clinic-Near-Balakrishna-Primary-School-Kattupakkam/044PXX44-XX44-191113152052-Z5T7_BZDET
Medway Hospitals,Dr T Palaniappan(Chairman),6374134023,care@medwayhospitals.com,True,https://www.medwayhospitals.com,,1st Main Road  United India Colony,Kodambakkam,600024,Chennai,4.8,"3,971",2012,https://www.justdial.com/Chennai/Medway-Hospitals-Kodambakkam/044PXX44-XX44-121029203819-D5I8_BZDET
Sarvesh Dental Care For Happy Healthy Smiles,Mrs Shanthalakshmi (Owner),9443906207,drshanthihari@gmail.com,True,http://www.sarveshdental.in,Devakirupa,Kamatchi Nagar Main Road,Valasaravakkam,600087,Chennai,4.9,68,2005,https://www.justdial.com/Chennai/Sarvesh-Dental-Care-For-Happy-Healthy-Smiles-Near-Shri-Kaariya-Siddhi-Vinayka-Temples-Valasaravakkam/044PXX44-XX44-220606144323-R1M4_BZDET
Apple Dental Clinic,Dr Deepak (Managing Director),9884466966,appledentalclinik@gmail.com,True,https://www.appledentalclinic.co.in,1st Floor,"Lakshmiammal Street, Razzak Garden Raod",Aminjikarai,600030,Chennai,5,183,2013,https://www.justdial.com/Chennai/Apple-Dental-Clinic-Near-MMDA-Water-Tank-and-Above-Nilgris-Super-Market-Aminjikarai/044PXX44-XX44-220212191024-S6D6_BZDET
Dr. Pradeep Dental Care,"Dr PRADEEP NIVAS (Chairman),Dr Pradeep Nivas V (Proprietor)",9952419359,pradeepnivas8@gmail.com,False,,"No 750, Chatur Buja, Alagappa Nagar",Chathur Buja Doss Road,Kilpauk,600010,Chennai,4.9,57,2024,https://www.justdial.com/Chennai/Dr-Pradeep-Dental-Care-Kilpauk/044PXX44-XX44-250213200747-R5B5_BZDET
M S Dental & General Health Care,Dr Raghu M (Proprietor),8015753573,msdentalcare07@gmail.com,False,,,"Muthayya Nagar, Medavakkam Main Road",Nanmangalam-Kovilambakkam,600129,Chennai,4.4,11,2017,https://www.justdial.com/Chennai/M-S-Dental-General-Health-Care-Opp-to-Womens-Trends-Nanmangalam-Kovilambakkam/044PXX44-XX44-180423181439-F4Z8_BZDET
Vivi Dental & Cosmetic Clinic,Mr Vishnu Prateek Kuppusamy (Chairman),9361196136,Vishnuprateek8@gmail.com,True,https://vividentalandcosmeticclinic.com,,"Main Road, Brindavan Extension",Ashok Nagar,600083,Chennai,5.0,83,2025,https://www.justdial.com/Chennai/Vivi-Dental-Cosmetic-Clinic-Near-Lenskart-Ashok-Nagar/044PXX44-XX44-240118060639-P9W5_BZDET
AD Smile Arch Clear Aligner Dental Clinic,Dr Anjugam (Proprietor),7338803553,Adsmilearc@gmail.com,False,,,Ramanujam Street,T Nagar,600017,Chennai,5.0,7,2021,https://www.justdial.com/Chennai/AD-Smile-Arch-Clear-Aligner-Dental-Clinic-Little-Oxford-Mattric-School-Near-By-T-Nagar/044PXX44-XX44-260413164611-P3M3_BZDET
Dr. Lavanyas Dental Clinic,Dr Mani Lavanya(Proprietor),9940115482,drlavanyasdental@gmail.com,False,,Bazaar Road Sadasiva Nagar,Bazaar Road Sadhasiva Nagar,Madipakkam,600091,Chennai,4.9,565,2009,https://www.justdial.com/Chennai/Dr-Lavanyas-Dental-Clinic-Opposite-to-Saraswathi-Hospital-Madipakkam/044PXX44-XX44-110615122937-C9T7_BZDET
Dr. Manasa The Dental Boutique,"Dr GANGAREKALVE MADHUSUDAN MANASA (Managing Director),Dr Manasa G M (Managing Director)",8248385840,,True,https://www.eka.care,Ground Floor,Ponnambalam Salai,K K Nagar,600078,Chennai,5,69,2012,https://www.justdial.com/Chennai/Dr-Manasa-The-Dental-Boutique-Near-Amman-Koil-Next-to-Hatsun-Icecream-Shop-K-K-Nagar/044PXX44-XX44-221230071328-P8G8_BZDET
Smilesafe Dental,Dr A Madhumitha (Chairperson),9894897646,smilesafedental@gmail.com,True,http://www.smilesafedental.com/,"Kamarajar Salai, 1st Street, Rv Nagar",R V Nagar 1st Street,Kodungaiyur,600118,Chennai,5,47,2017,https://www.justdial.com/Chennai/Smilesafe-Dental-Opp-to-Technet-Solutions-Kodungaiyur/044PXX44-XX44-241024201108-Q1J5_BZDET
MS Multispeciality Dental Clinic,Dr Suresh M (Director),9789037308,msdental.suresh@gmail.com,False,,MS Multispeciality Dental Clinic,Nukampalayam Road,Perumbakkam,600100,Chennai,4.9,"1,114",2013,https://www.justdial.com/Chennai/MS-Multispeciality-Dental-Clinic-Above-New-Iyengar-Bakery-Perumbakkam/044PXX44-XX44-140305131251-S5G8_BZDET
Dr. Nive's Dental Clinic,Dr Nivethini Tamilselvan (Owner),8925399973,drnivesdental@gmail.com,False,,,Velachery Main Road,Pallikaranai,600100,Chennai,5,153,2022,https://www.justdial.com/Chennai/Dr-Nives-Dental-Clinic-Near-High-School-Pallikarani-Pallikaranai/044PXX44-XX44-220603142354-X8W4_BZDET
Royal Pearl Clinic - Ent and Dental,Dr Ashritha Mcv (Managing Director (MD)),9500098119,royalpearldental@gmail.com,True,"https://www.royalpearldental.com,www.royalpearlhospitals.com","Phase 1, 1st Floor, Front Wing, Chona Centre,","College Road, Subba Road",Thousand Lights,600006,Chennai,5,533,2018,https://www.justdial.com/Chennai/Royal-Pearl-Clinic-Ent-And-Dental-Nungambakkam-Thousand-Lights/044PXX44-XX44-231221160807-H1W8_BZDET
Molar Dental Care,"Mr Ranjith (Partner), Mrs Hemamalini (Proprietor)",7339030777,Molardentalcare@gmail.com,False,,Saki Nivas 1st Floor,Sri Krishna Nagar 5th Street,Maduravoyal,600095,Chennai,5,50,2017,https://www.justdial.com/Chennai/Molar-Dental-Care-Behind-Meenachi-Dental-College-Maduravoyal/044PXX44-XX44-170107190623-I7A5_BZDET
Asl Meenakshi Dental Care,Mr Sasikumar Vedachalam(Owner),9043956797,sasikumaralv@gmail.com,True,https://www.aslmeenakshidentalcare.com,Asl Meenakshi,"No, 5 Rajaji Avenue",Valasaravakkam,600087,Chennai,5,135,2003,https://www.justdial.com/Chennai/Asl-Meenakshi-Dental-Care-Near-Axis-Bank-Valasaravakkam/044PXX44-XX44-241218145522-K6C2_BZDET
HCL Healthcare Dental,,9311099547,"drmouriya.v@hclhealthcare.in,amityadav@hclhealthcare.in",True,https://healthyhcl.in/dental,C/O Aarthi Scans & Labs,100 Feet Road,Vadapalani,600026,Chennai,5.0,3,,https://www.justdial.com/Chennai/HCL-Healthcare-Dental-Opposite-Sims-Hospital-Vadapalani/044PXX44-XX44-260501145208-U1K7_BZDET
Ananya Dental CARE,"Dr V Anbazhagan MDS(Proprietor),Dr Manochitra  BDS MBA(Managing Director)",9962123540,anbu20_bds@yahoo.co.in,False,,"Plot.no.230 , Door.No.4",Kamarajar Salai,RV Nagar-Kodungaiyur,600118,Chennai,4.7,39,2013,https://www.justdial.com/Chennai/Ananya-Dental-CARE-Near-By-E-C-I-Church-Nearby-Pandiyan-Theatre-RV-Nagar-Kodungaiyur/044PXX44-XX44-150529194626-W7T1_BZDET
La Hns Dental Care (Lions Club Of Madras),Dr Mahendra Kumar (Chief Executive Officer),9943907544,lahnshtindia@gmail.com,False,,,100 Feet Road,Koyambedu,600107,Chennai,5.0,85,2025,https://www.justdial.com/Chennai/La-Hns-Dental-Care-Lions-Club-Of-Madras-Next-to-Geetham-Veg-Restaurant-Opposite-to-Koyambedu-Bus-Depot-Koyambedu/044PXX44-XX44-251216111214-Q6S3_BZDET
Meridian Hospital,Mr SenthilKumar S (Director),7305068909,Info@meridian-hospitals.com,True,https://www.meridianhospitals.in,Meridian Hospital,200 Feet Road,Kolathur,600099,Chennai,4.9,"2,631",2010,https://www.justdial.com/Chennai/Meridian-Hospital-Near-Retteri-Bridge-RTO-Kolathur/044PXX44-XX44-220704102556-N8M2_BZDET
P R Dental Care,Mr R VInoth (Managing Director),9962442800,"Prdentalcare17@gmail.com,vinothr96@gmail.com",False,,PR Dental Care,Mannar Swamy Kovil Street,Pulianthope,600012,Chennai,4.8,41,2013,https://www.justdial.com/Chennai/P-R-Dental-Care-Near-Pulianthope-Mosque-Pulianthope/044PXX44-XX44-130707171023-N7E7_BZDET
Apollo Dental Pallavaram,Mr Babu Salam(Proprietor),7604880117,apollodentalpallavaram@gmail.com,True,"https://apollodental.in/,www.apollodental.in",Sunnambu Colony,Grand Southern Trunk Road,Pallavaram,600043,Chennai,5,588,2024,https://www.justdial.com/Chennai/Apollo-Dental-Pallavaram-Above-Bata-Showroom-Pallavaram/044PXX44-XX44-240417200555-Y3A9_BZDET
Jays Dental Care,Dr Jayakrishna Balasunbramani (Proprietor),7305056936,madipakkam@jaysdental.com,True,https://www.jaysdental.com,Jays Dental Care,Madipakkam Main Road,Madipakkam,600091,Chennai,4.8,215,1999,https://www.justdial.com/Chennai/Jays-Dental-Care-Next-to-Sairam-Vidhyalaya-School-Madipakkam/044PXX44-XX44-240430121156-P6V6_BZDET
Abi Dental Clinic,Dr Abinesh (Owner),9840140183,abidentalclinic99@gmail.com,False,,,Red Hills High Road,Kolathur,600099,Chennai,4.8,16,2018,https://www.justdial.com/Chennai/Abi-Dental-Clinic-Near-Mookambikai-Theatre-Bus-Stop-Near-Ganga-Pharmarcy-Sivaparvathy-Nagar-Kolathur/044PXX44-XX44-140527171541-D7G1_BZDET
Dr. Sharan's Dental Care,Dr SHARANYA HARIBABU (Proprietor),9566183982,drsharansdentalcare@gmail.com,False,,"Narayana Swamy Garden, Kodungaiyur",Manali High Road Narayanaswamy Thottam,Kodungaiyur,600118,Chennai,5,"1,102",2020,https://www.justdial.com/Chennai/Dr-Sharans-Dental-Care-Opp-to-Cement-Shop-Kodungaiyur/044PXX44-XX44-201230144024-D5C2_BZDET
G3 Multispeciality Dental Clinic & Implant Centre,Dr Sagaya Priya Thomas (Proprietor),7845352333,g3dentalclinic@gmail.com,True,https://www.g3dentalcare.com,,Avadi Redhills Road,Ambattur,600053,Chennai,5,538,2015,https://www.justdial.com/Chennai/G3-Multispeciality-Dental-Clinic-Implant-Centre-Opposite-to-Rakki-Cinemas-and-Below-Born-Baby-Shop-Ambattur/044PXX44-XX44-150615105546-V7U3_BZDET
Kanaga Hospital,Mr Viswanathan Thirunavukkarasu (Proprietor),9566256975,"kanagahospital@yahoo.in,corp.kanagahospital@gmail.com",True,https://www.kanagahospitals.com,,Kunrathur Main Road,Kovur,600122,Chennai,4.0,343,2009,https://www.justdial.com/Chennai/Kanaga-Hospital-Opposite-High-School-Kovur/044PXX44-XX44-180508203824-T5D6_BZDET
Christudas Orthopaedic Multispeciality Hospital,Dr Sudan Christudas(Managing Director),9884600061,"coshindia@gmail.com,cosh_ortho@yahoo.co.in,coshospital@gmail.com",True,https://www.cosh.in,Christudas Orthopaedic Multispeciality Hospital,Indian Air Force Road,Tambaram East,600059,Chennai,4.2,"2,313",2001,https://www.justdial.com/Chennai/Christudas-Orthopaedic-Multispeciality-Hospital-Near-MCC-Duraisamy-Nagar-Tambaram-East/044P4202474_BZDET
Peak Dentistry,Mr Ashwin Rajan (Proprietor),7373044044,contact@peak-dentistry.com,True,"https://www.crest-clinic.com,www.peakaidentistry.com,www.peak-dentistry.com",Alwarpet,"Prithvi Avenue, 1st Street",Abhiramapuram,600018,Chennai,5,112,2019,https://www.justdial.com/Chennai/Peak-Dentistry-Behind-Bharat-Petroleum-Abhiramapuram/044PXX44-XX44-190515232342-C9K8_BZDET
Sharvesh Dental Clinic,Dr SOWMIYA G (Owner),8056626657,sugumarsowmiya@gmail.com,False,,Sharvesh Dental Clinic,2/11 Reddy Street,Ekkaduthangal,600032,Chennai,5.0,85,2020,https://www.justdial.com/Chennai/Sharvesh-Dental-Clinic-Near-Ekkattuthangal-Metro-Station-Ekkaduthangal/044PXX44-XX44-210228120300-Q3E9_BZDET
Asnan Multi Speciality Dental Clinic,Dr G Tasneem Raji Niaz (Managing Director),9940052352,asnanmultidental@gmail.com,True,https://www.asnandentalspeciality.com,Asnan Multispeciality Dental Clinic,Arcot Road,Saligramam,600093,Chennai,5,58,2005,https://www.justdial.com/Chennai/Asnan-Multi-Speciality-Dental-Clinic-Near-Big-Bazaar-Kauvery-Hospital-Vadapalani-Saligramam/044PXX44-XX44-250311201942-I6U2_BZDET
Supreme Multi Speciality Dental Centre,Dr Yasmin(Proprietor),9551118120,786supreme.dental@gmail.com,True,https://www.supremedental.clinic,Supreme Multi Speciality Dental Centre,Kodambakkam Saidapet Road,Vadapalani,600026,Chennai,4.9,824,2009,https://www.justdial.com/Chennai/Supreme-Multi-Speciality-Dental-Centre-Opposite-to-Vadapalani-Mosque-Vadapalani/044PXX44-XX44-130927193159-K4N7_BZDET
Dr. Pooja's Pearl Dentistry,Dr Pooja (Director),7338843469,drpoojaspearldentistry@gmail.com,True,https://poojapearldentistry.com/,Above Canara Bank,R.K.Mutt Road,Mandaveli,600028,Chennai,5,36,2026,https://www.justdial.com/Chennai/Dr-Poojas-Pearl-Dentistry-Opposite-to-TVS-Showroom-Mandaveli/044PXX44-XX44-260424184700-Y2R5_BZDET
Dr.Sandhya's Advanced Dental Care,Dr Sandhya M (Managing Director),9150563334,drsandhyadental@gmail.com,True,https://www.drsandhyadental.in/,Sahana Appartment,Kb Dasan Road,Seethammal Colony- Teynampet,600018,Chennai,4.9,36,2025,https://www.justdial.com/Chennai/DrSandhyas-Advanced-Dental-Care-Near-By-Hdfc-Bank-Seethammal-Colony-Teynampet/044PXX44-XX44-250711181859-Q8P3_BZDET
Dr. Kamakshi Multispeciality Clinic,Mr T G Govindharaj (Proprietor),7824051070,medavakkam@drkmh.com,True,https://www.drkmh.com,,Tambaram - Velachery Main Road,Medavakkam,600100,Chennai,4.0,"1,118",2019,https://www.justdial.com/Chennai/Dr-Kamakshi-Multispeciality-Clinic-Opposite-Yamaha-Showroom-VGP-Pushpa-Nagar-Medavakkam/044PXX44-XX44-190905110259-V3R4_BZDET
Dr. Mithun's Dental,Dr Mithun Desikan Rengarajan (Chairman),7010122700,mithundental1216@gmail.com,False,,NO 1/4,Pattravakam Service Road,Ambattur,600053,Chennai,5,145,2023,https://www.justdial.com/Chennai/Dr-Mithuns-Dental-Ambattur/044PXX44-XX44-240201220144-Z1F8_BZDET
Moon Dental Clinic,Dr Alagu Vimalesh N (Proprietor),9042536787,jeffreyvimalesh4@gmail.com,False,,No 28/15,Sannathi Street,Villivakkam,600049,Chennai,4.6,6,2022,https://www.justdial.com/Chennai/Moon-Dental-Clinic-Near-Police-Booth-Villivakkam/044PXX44-XX44-230308114354-X4H9_BZDET
Nallur Dental & Polyclinic,"Mr Ponnambalavanan V (Manager),Dr Sindhu (Proprietor)",9840077667,nallurhealthcare@gmail.com,True,https://www.nallurdental.com,Nallur Dental & Polyclinic,D7 Road,Sholinganallur,600119,Chennai,5,6,2011,https://www.justdial.com/Chennai/Nallur-Dental-Polyclinic-Nearby-Arun-Icecream-Godown-Sholinganallur/044PXX44-XX44-260810115809-Q2A6_BZDET
Nathan Speciality Dental Clinic,Dr Pravda C (Consultant),9444126489,drcpravda@gmail.com,True,"https://book-appointment.healthplix.com,www.book-appointment.healthplix.com","37, G1, Vazhga Valamudan Flats",Lake View Road,Kotturpuram,600085,Chennai,4.7,7,2023,https://www.justdial.com/Chennai/Nathan-Speciality-Dental-Clinic-Opposite-to-Coorporation-Ground-Kotturpuram/044PXX44-XX44-181222151147-Z4V9_BZDET
D Care Dental Skin & Hair Cosmetic Clinic,"Mrs Dhivya Mohan (Director),Ms Shobana (Block Development Officer)",7305608839,dcaredshclinic@gmail.com,False,,"D Care Dental, Skin and Hair Cosmetic Clinic",Velachery Main Road,Velacheri,600042,Chennai,5.0,56,2020,https://www.justdial.com/Chennai/D-Care-Dental-Skin-Hair-Cosmetic-Clinic-Next-to-NMS-Mahal-Velacheri/044PXX44-XX44-210823133516-Y1L7_BZDET
Supreme Elite Clinic,,9677473344,,True,https://www.supremeeliteclinic.com,"Plot No 4, Sri Renukambal, Krishna Nagar, Kelambakam, Chennai",,Kelambakkam,603103,Chennai,5,96,2012,https://www.justdial.com/Chennai/Supreme-Elite-Clinic-Kelambakkam/044PXX44-XX44-250710210710-C2K9_BZDET
Dr Baruns Multispeciality Dental Centre Ecr,Dr Barun (Managing Director),7904474494,drbarunsdentalecr@gmail.com,True,https://www.barunsdental.com,"B2 Villa,Cresendo, Injambakkam,ECR","Royal Enclave, B2 Villa, Cresendo, Injambakkam, ECR",Injambakkam,600115,Chennai,4.8,"1,736",2006,https://www.justdial.com/Chennai/Dr-Baruns-Multispeciality-Dental-Centre-Ecr-Opposite-OMR-Food-Street-Injambakkam/044PXX44-XX44-191019213021-T3X5_BZDET
Phoenix Aesthetic & Dental Clinic,Mr Sandhosh Kumar (Proprietor),8015579988,phoenixaestheticcentre@gmail.com,True,https://www.pheonixaestheticcenter.my.canva.site,Ambal Nagar,"Pallavaram-Thuraipakkam Road, 200 Ft Road, Anna Avenue",Keelakattalai,600117,Chennai,5,80,2024,https://www.justdial.com/Chennai/Phoenix-Aesthetic-Dental-Clinic-Echangadu-Signal-Keelakattalai/044PXX44-XX44-240126120816-W8F3_BZDET
Dentalwise,Dr S Mohammed Azmathullah (Managing Director),9043338950,dentalwisechennai@gmail.com,True,"https://www.dentalwise.co.in,https://dentalwiseclinic.localo.site/",Dentalwise,"Sakthi Srinivasan Salai Main Rd, Kumaran Kudil",Mettukuppam-Okkiyam Thoraipakkam,600097,Chennai,5,138,2022,https://www.justdial.com/Chennai/Dentalwise-Near-By-Palmera-Garden-Kumaran-Kudil-Mettukuppam-Okkiyam-Thoraipakkam/044PXX44-XX44-230204041630-U5L5_BZDET
B P Jain Hospital,"Mr S Viswanathan (Managing Director (MD)),Mr P Vijayalekshmi (CEO (Chief Executive Officer))",9150094151,sankarahealth@gmail.com,True,https://www.bpjainhospital.com,B P Jain Hospital,Anna Salai,Pammal,600075,Chennai,4.0,995,2000,https://www.justdial.com/Chennai/B-P-Jain-Hospital-Near-Rettai-Pillaiyar-Kovil-Gokulam-Colony-Pammal/044P7012473_BZDET
Classic Dental Lab,"Mr Anvar Husain (Director),Dr Anvar Husain S (Chairman)",9943045200,Anvar2me@gmail.com,True,https://classicdentallab.in/,8/19 Neek Nivas Ground Floor Jinnah Street Na,Mkn Road,Alandur-St Thomas Mount,600016,Chennai,3.0,2,2020,https://www.justdial.com/Chennai/Classic-Dental-Lab-Rayel-Bakareey-Alandur-St-Thomas-Mount/044PXX44-XX44-230704142459-L6C1_BZDET
Mr.DENTIST IMPLANT AND COSMETIC DENTAL CLINIC,"Dr Rajasekaran S(Proprietor),Dr Gayathri S(Proprietor)",8610302602,mrdentist.oralcare@gmail.com,True,"https://www.mrdentistclinic.com,www.mrdentist.in",,"Rajarathinam Complex,Omr Service Road,1st Main Road,Thirumal",Perungudi,600096,Chennai,5.0,305,2014,https://www.justdial.com/Chennai/MrDENTIST-IMPLANT-AND-COSMETIC-DENTAL-CLINIC-Near-By-Perungudi-Bus-Stop-and-Vembuli-Amman-Temple-Arch-Perungudi/044PXX44-XX44-210517193639-R9F1_BZDET
Glow Up & Smile Up (SKIN -HAIR -DENTAL) COSMETIC CLINIC,"Dr Thikvijay Chandran (Proprietor),Dr SANJEYANTH L (Director)",6374580516,smileupdental32@gmail.com,False,,,Velacherry Main Road,Gowrivakkam,600073,Chennai,4.7,80,2017,https://www.justdial.com/Chennai/Glow-Up-Smile-Up-SKIN-HAIR-DENTAL-COSMETIC-CLINIC-Next-to-Sai-Baba-Temple-Lane-Gowrivakkam/044PXX44-XX44-220506202230-A1R6_BZDET
Lakshmi Dental Care,"Dr Subramoniam S(Managing Director (MD)),Dr Suganya(Managing Director (MD))",9840541581,suganyavbds@gmail.com,True,"https://lakshmidentalcare.in,Lakshmidentalcare.org",Lakshmi Dental Care,"Somasundaram Avenue, Sakthi Nagar",Porur,600116,Chennai,4.9,755,2004,https://www.justdial.com/Chennai/Lakshmi-Dental-Care-Opp-to-Saravana-Stores-Porur/044PXX44-XX44-101202205304-U4V6_BZDET
Nalamm Hospital Pvt. Ltd.,Dr Rajesh Kumar M R(Owner),9710209000,nalamm.hospitals@gmail.com,True,https://www.nalammhospital.com,,1st Cross Street,Mkb Nagar,600039,Chennai,4.1,651,1994,https://www.justdial.com/Chennai/Nalamm-Hospital-Pvt-Ltd-Opposite-Dr-Ambedkar-Arts-College-Vyasarpadi-Mkb-Nagar/044P4006718_BZDET
Dr.Prabha's Dental Clinic,Dr Prabhalakshmi (Founder),9597876632,drprabhasdentistry@gmail.com,True,https://drprabhasdentistry.com/,"No. 1/70, First Floor","Sivabootham, Poonamallee High Road",Vanagaram,600095,Chennai,5,25,2007,https://www.justdial.com/Chennai/DrPrabhas-Dental-Clinic-Near-Sathya-Agency-and-Hotel-Pandian-Vanagaram/044PXX44-XX44-240920201714-Y8Q6_BZDET
Purple Coat Dental Pediatric and Family Dentist,Dr V SHANTHA SAKTHI(Proprietor),9840000515,thepurplecoatdentist@gmail.com,True,https://www.purplecoatdentist.com,"Door No. 26, 26/20, Ground Floor, Flat G-3, Suryakantha Appartment, Old, Mylapore",2nd Main Road,Cit Colony,600004,Chennai,5,480,2023,https://www.justdial.com/Chennai/Purple-Coat-Dental-Pediatric-And-Family-Dentist-Cit-Colony/044PXX44-XX44-250908191339-J9E9_BZDET
Daffodils Dentistry - Best Dental Clinic In Perumbakkam.,"Dr Premkumar (Director),Dr Priyadharshni (Director)",9363705353,daffodilsdentistry@gmail.com,True,"https://www.daffodilsdentistry.in,www.daffodilsdentistry.com",Daffodils Dentistry,"Indira Priyadharshini Nagar, Global Hospitals Road",Perumbakkam,600100,Chennai,5,319,2024,https://www.justdial.com/Chennai/Daffodils-Dentistry-Best-Dental-Clinic-In-Perumbakkam-Opposite-to-Nellai-Supermarket-Perumbakkam/044PXX44-XX44-240523200517-I8A3_BZDET
NAK Dental Clinic By Dr K Komathy (Dental and Orthodontic Center),Dr Komathy (Owner),9841562226,paul.komathy@yahoo.com,True,"https://nakdental.com,nakdentalclinic.com","C/O Dental and Orthodontic Center, Jayagriha Apartment New","Unnamalai Street, T Nagar",T Nagar,600017,Chennai,4.9,313,1989,https://www.justdial.com/Chennai/NAK-Dental-Clinic-By-Dr-K-Komathy-Dental-And-Orthodontic-Center-Near-North-Usman-Road-Viveks-T-Nagar/044PXX44-XX44-170125023926-B8J7_BZDET
Tooth Embassy,Dr Shwetha Anbarasan (Proprietor),7007270078,toothembassy@gmail.com,True,https://toothembassy.com,First Floor VNN TOWERS,Water Canal Road,TVS Nagar-Korattur,600076,Chennai,5,92,2025,https://www.justdial.com/Chennai/Tooth-Embassy-Opp-to-Alliance-Orchid-Springs-TVS-Nagar-Korattur/044PXX44-XX44-260328124642-L2M3_BZDET
Dr. Jamin Joseph (Joseph Dental),Dr Jamin Joseph (Owner),9789909130,stjosephdentalhospital@gmail.com,True,https://www.drjaminjoseph.com,Dr. Jamin Joseph Joseph Dental,Valapathi Salai,Mogappair East,600037,Chennai,4.9,310,2014,https://www.justdial.com/Chennai/Dr-Jamin-Joseph-Joseph-Dental-Near-R-M-Motors-Mogappair-East/044PXX44-XX44-150714223831-I4P2_BZDET
Serenity Dental Clinic & Implant Centre,"Dr Pranavi (Director),Dr Suriyanarayanan (Director)",8667587664,drpranaviperio@gmail.com,False,,,Poonamallee High Road,Arumbakkam,600106,Chennai,5,29,2024,https://www.justdial.com/Chennai/Serenity-Dental-Clinic-Implant-Centre-Near-Murugan-Stores-Arumbakkam/044PXX44-XX44-260502083326-F5Q5_BZDET
Kumar's Dental Care,Dr PON NIXSON N (Doctor),7010385692,kumarsdentistry@gmail.com,False,,Kumar's Dental Care,"Srinivasan Ragavan Road ,Srinivasa Nagar,Ndp Complex",Perungalathur,600063,Chennai,5,278,2013,https://www.justdial.com/Chennai/Kumars-Dental-Care-Indian-Overseas-Bank-Upstairs-Perungalathur/044PXX44-XX44-140804184457-A7L3_BZDET
Prashanth Super Speciality Hospital,Mr Managing Director (MD),9841030388,"info@pfrcivf.com,info@prashanthhospitals.com,phkmarketingcoordinator@gmail.com",True,https://www.prashanthhospitals.org,(1A & 1B Block) No 45,"Jawarharlal Nehru Road, Madhavaram",Kolathur,600099,Chennai,5.0,"4,435",2008,https://www.justdial.com/Chennai/Prashanth-Super-Speciality-Hospital-Kolathur/044PXX44-XX44-220222125910-Y9F4_BZDET
Dr Aruns 32 Pearls Dental Centre,"Dr Arunsuraj(Director),Dr Archana(Owner)",9176095707,reception@32pearls.in,True,https://www.32pearls.in,Dr Aruns 32 Pearls Dental Centre,100 Feet Road Janakpuri,Velacheri,600042,Chennai,5.0,"1,033",2008,https://www.justdial.com/Chennai/Dr-Aruns-32-Pearls-Dental-Centre-Velacheri/044PXX44-XX44-130607102401-L7H1_BZDET
Aysha Hospitals Pvt Ltd,Dr Irshad S M (Managing Director),7339552772,ayshahospital85@gmail.com,True,https://www.ayshahospital.com,Aysha Hospitals Pvt Ltd,Millers Road,Kilpauk,600010,Chennai,4.2,"2,819",1985,https://www.justdial.com/Chennai/Aysha-Hospitals-Pvt-Ltd-Opposite-Motcham-Cinema-Hall-Kilpauk/044P5424986_BZDET
Sakthi Dental Care,Mrs B Kavitha (Proprietor),9952045300,bkavithaprakash99@gmail.com,False,,"Op Raman St, Gandhi Nagar",O P Raman Street,Avadi,600054,Chennai,5.0,58,2006,https://www.justdial.com/Chennai/Sakthi-Dental-Care-Gandhi-Nagar-Avadi/044PXX44-XX44-240913041112-C4B2_BZDET
Charm Dentistry Multispeciality Dental Clinic,Dr G Kishore Kumar MDS (Proprietor),9003255130,charmdentistry18@gmail.com,True,https://charmdentistry.in/,,Gulam Murthu Sa Street,Mount Road,600002,Chennai,5,72,,https://www.justdial.com/Chennai/Charm-Dentistry-Multispeciality-Dental-Clinic-Near-Ellis-Road-Mount-Road/044PXX44-XX44-230420063353-L5G3_BZDET
Sathya Dental Care,Dr SATHYANARAYANAN (Consultant),8610847880,sathyadoctor7047@gmail.com,True,https://drsathyanarayanan.drxpro.in/,Sathya Dental Care,"3rd West Cross Street, Amaravathy Nagar",Arumbakkam,600106,Chennai,5,221,2017,https://www.justdial.com/Chennai/Sathya-Dental-Care-Ambal-Matriculation-School-Arumbakkam/044PXX44-XX44-221119070337-T4Q8_BZDET
Blu'tooth Dental Clinic,Christeffi mabel,8903777499,christeffimabelr@yahoo.in,False,,Blu'tooth Dental Clinic,Gandhi Nagar 1st Main Road,Adyar,600020,Chennai,5,2,2025,https://www.justdial.com/Chennai/Blutooth-Dental-Clinic-Next-to-Apollo-Pharmacy-Adyar/044PXX44-XX44-250603102936-V9N2_BZDET
Tamil Dental Care - Laser & Implant Centre,Mr Karthickraj S M (Managing Director),9384645058,tamilperioimplant@gmail.com,True,https://www.tamildentalcare.hrmslyzoo.in,,"Thiruvittiyur High Road, Ground Floor, Sanjeevaranpet",Old Washermanpet,600021,Chennai,4.9,99,2016,https://www.justdial.com/Chennai/Tamil-Dental-Care-Laser-Implant-Centre-Oppo-to-Rasi-Hospital-Old-Washermanpet/044PXX44-XX44-191118130520-Q2L5_BZDET
Dr Arun Care Dental Clinic,Dr Arun C (Proprietor),9840361362,,True,"https://www.caredental.in,www.caredentalhospital.co.in,www.aruncaredentalclinic.com",Saravana Lab Complex,New Avadi Road,Villivakkam,600049,Chennai,5,297,2002,https://www.justdial.com/Chennai/Dr-Arun-Care-Dental-Clinic-Near-By-Nadhamuni-Theatre-Villivakkam/044PXX44-XX44-100722122437-P4F2_BZDET
Swarna Dental Studio,Dr Vijendra Makireddy(Proprietor),9043585982,makireddyvijendra@gmail.com,False,,Paramount Villa,"Nsk Street,Jaga Nagar",Pallikaranai,600100,Chennai,4.8,42,2015,https://www.justdial.com/Chennai/Swarna-Dental-Studio-Near-By-Abinaya-Stores-Pallikaranai/044PXX44-XX44-161026230337-J5U9_BZDET
Kumaran Dental Clinic,Dr Selvakumar J (Proprietor),9841295911,dr.selvakumar@hotmail.com,False,,Kumaran Dental Clinic,4th Street Raghavan Colony,Ashok Nagar,600083,Chennai,4.7,208,1996,https://www.justdial.com/Chennai/Kumaran-Dental-Clinic-Behind-R6-Kumaran-Nagar-Police-Stn-Ashok-Nagar/044PGE04220_BZDET
Amma Naana Dental Clinic,Dr Srivatsa Kengasubbiah(Director),9840095045,priyavishnu64@yahoo.com,True,https://www.ammanaanadentalclinic.com,,"Halls Road, Kilpack",Kilpauk,600010,Chennai,4.8,144,2005,https://www.justdial.com/Chennai/Amma-Naana-Dental-Clinic-Near-to-Balavihar-Kilpauk/044PXX44-XX44-170515160924-P6X5_BZDET
Dr Hash Dental Care,Mrs Hashmath Ara(Proprietor),9940450455,maildrhash@gmail.com,False,,Dr Hash Dental Clinic,Village High Road,Sholinganallur,600119,Chennai,4.7,11,2019,https://www.justdial.com/Chennai/Dr-Hash-Dental-Care-Above-Punjab-National-Bank-Sholinganallur/044PXX44-XX44-181003144256-M2K4_BZDET
Triumph Dental Clinic,Dr Ramsay M(Owner),9444028865,muthukumar.triumphdentalclinic@gmail.com,True,https://www.dentalclinicthiruvanmiyur.com,Triumph Dental Clinic,East Mada Street,Thiruvanmiyur,600041,Chennai,4.9,136,2023,https://www.justdial.com/Chennai/Triumph-Dental-Clinic-Opposite-Marudheeshwarar-Temple-Thiruvanmiyur/044PXX44-XX44-230713104834-J9F2_BZDET
Eden Dental Face Hair Clinic -madambakkam,"Mrs Sumitha Sudarshan (Manager),Mrs Sunitha Sudharshan (Manager)",6385593881,edendentalfacehair@gmail.com,True,https://www.edendentalclinicbracesimplanttmjcentre.com,No 9 Block A3rd Ganapathy Nagar,3rd Street,Madambakkam,600126,Chennai,4.9,26,2020,https://www.justdial.com/Chennai/Eden-Dental-Face-Hair-Clinic-madambakkam-Near-Zion-Matriculation-Higher-Secondary-School-Madambakkam/044PXX44-XX44-240922171408-J1M9_BZDET
Tanzi Dental - Mylapore,"Dr Imran Sheriff(Managing Director (MD)),Dr Tanzila Tasneem(CEO (Chief Executive Officer))",8056040147,tanzidental@gmail.com,False,,"Seshagiri Towers, 1st Floor",Royapettah High Road,Mylapore,600004,Chennai,5,497,2019,https://www.justdial.com/Chennai/Tanzi-Dental-Mylapore-Opposite-to-Jammi-Building-Near-Ajanta-Bridge-Mylapore/044PXX44-XX44-220106231032-W5Z1_BZDET
Chennai National Hospital,"Mr Dhanapalraj G (Manager),Mr A Anthony Maria Fathima (Manager)",8939033333,"reception@chennainationalhospital.com,helpdesk@chennainationalhospital.com",True,https://www.chennainationalhospital.com,Chennai National Hospital,P H Road,Kilpauk,600010,Chennai,4.8,"3,795",2002,https://www.justdial.com/Chennai/Chennai-National-Hospital-Kilpauk/044PXX44-XX44-160307125653-T3M4_BZDET
LR Multispeciality Dental Clinic,Dr R Sridharan (Owner),9444170808,drmottu@gmail.com,True,https://www.lrdentalclinic.com,Land Marvel Appartment,Perumal Koil Sanathi Street,Villivakkam,600049,Chennai,4.8,22,2002,https://www.justdial.com/Chennai/LR-Multispeciality-Dental-Clinic-Opposite-to-Perumal-KoilClose-to-Ags-Cinemas-Villivakkam/044PXX44-XX44-120801094936-S3U9_BZDET
Dr PREETHI UDHAYARAJA DENTAL & ASTHETICS,Mrs Preethi (Proprietor),9840248330,,False,,Abirami Complex,Dr. Nair Road,T Nagar,600017,Chennai,4.3,33,2013,https://www.justdial.com/Chennai/Dr-PREETHI-UDHAYARAJA-DENTAL-ASTHETICS-T-Nagar/044PXX44-XX44-170713161407-A4H3_BZDET
Mr Dentist,"Dr Rajasekaran S(Owner),Dr Gayathri S(Proprietor)",8122391339,mrdentist.oralcare@gmail.com,False,,,"1st MAIN ROAD, OMR Service Road, Thirumalai Nagar",Perungudi,600096,Chennai,5,338,2013,https://www.justdial.com/Chennai/Mr-Dentist-Near-Vembuli-Amman-Arch-and-Opp-V3-Hyundai-Service-Centre-Perungudi/044PXX44-XX44-170707165812-W3C8_BZDET
SN Dental Clinic,Dr R Selvin Ramaswamy(Proprietor),9840109373,rselvin@gmail.com,False,,SN Dental Clinic,Ganesh Nagar 1st Main Road Medavakkam Main Road,Madipakkam,600091,Chennai,5,457,2002,https://www.justdial.com/Chennai/SN-Dental-Clinic-Near-Sathya-Show-Room-Madipakkam/044PXX44-XX44-150529125433-M1R4_BZDET
L & L Family Dental Care,Dr Tharshana Prasanth(Proprietor),7904485021,lnlfamilydentalcare@gmail.com,True,https://www.lnlfamilydentalcare.in,Sri Loga Complex,No.44/1 Dr.Ambedkar Nagar CTH Road,Tirumullaivayal,600062,Chennai,4.9,98,2015,https://www.justdial.com/Chennai/L-L-Family-Dental-Care-Above-Kamatchi-StoreOpposite-to-Palrajan-Stores-Tirumullaivayal/044PXX44-XX44-190817181948-E5K9_BZDET
Priya Nursing Home,Dr Lakshmanan S S (Managing Director),7299951878,kappalpariya97@gmail.com,True,https://www.priyanursinghome.com,Priya Nursing Home,Kappal Polu Street,Washermanpet,600021,Chennai,4,386,1980,https://www.justdial.com/Chennai/Priya-Nursing-Home-Near-Maharani-Theater-Washermanpet/044P4095035_BZDET
Saptagiri Dental Clinic,Mr Balaji,9940599257,balajisdc@yahoo.in,False,,Kadumbari Amman Complex,Velachery To Tambaram Main Road,Medavakkam,600100,Chennai,4.9,51,2008,https://www.justdial.com/Chennai/Saptagiri-Dental-Clinic-Near-Perumal-Kovil-Aarch-Medavakkam/044PXX44-XX44-100228091255-W5Y5_BZDET
Bhadris Dental & Orthodontic Centre,DR Bhadrinath S,9841879224,sbhadrinath@yahoo.com,False,,,Madipakkam Main Road,Madipakkam,600091,Chennai,4.2,15,2010,https://www.justdial.com/Chennai/Bhadris-Dental-Orthodontic-Centre-Vision-Eye-Clinic-Madipakkam/044PXX44-XX44-101229122018-U8P5_BZDET
